corpus,config,kem,replicate,seed,file,extension,family,route,size_bytes,payload_bytes,cipher_bytes,entropy_bits_per_byte,t_io_ms,t_entropy_ms,t_compress_ms,t_kem_keygen_ms,t_kem_encaps_ms,t_kem_decaps_ms,t_kdf_ms,t_aes_encrypt_ms,t_aes_decrypt_ms,t_total_ms,verified,timestamp
D3,B,python,0,20260801,d3_000000.bin,.bin,high,none,72885405,72885405,72885421,7.9972,50.3612,0.0004,0.0007,4.9347,5.5645,7.2384,3.5207,46.0029,0.0,121.1861,,2026-08-13T11:05:56
D3,B,python,0,20260801,d3_000001.bin,.bin,high,none,53964884,53964884,53964900,7.9973,34.2371,0.0005,0.0007,4.4602,5.5147,7.2035,0.0532,33.917,0.0,87.4714,,2026-08-13T11:05:56
D3,B,python,0,20260801,d3_000002.bin,.bin,high,none,73228997,73228997,73229013,7.9976,45.5871,0.0004,0.0006,4.4731,5.4957,7.1751,0.0502,45.2898,0.0,110.1383,,2026-08-13T11:05:56
D3,B,python,0,20260801,d3_000003.bin,.bin,high,none,40683101,40683101,40683117,7.9971,25.3788,0.0004,0.0005,4.4678,5.4905,7.1769,0.0503,25.1118,0.0,69.7366,,2026-08-13T11:05:56
D3,B,python,0,20260801,d3_000004.bin,.bin,high,none,84254968,84254968,84254984,7.9972,51.4251,0.0004,0.0009,4.465,5.5144,7.1901,0.0527,52.2625,0.0,122.9957,,2026-08-13T11:05:56
D3,B,python,0,20260801,d3_000005.bin,.bin,high,none,54475661,54475661,54475677,7.9973,31.3466,0.0003,0.0009,4.4758,5.4948,7.1819,0.0537,33.8359,0.0,84.4402,,2026-08-13T11:05:56
D3,B,python,0,20260801,d3_000006.bin,.bin,high,none,36894960,36894960,36894976,7.9972,26.016,0.0004,0.0005,4.476,5.5024,7.1908,0.0538,22.7966,0.0,68.0888,,2026-08-13T11:05:56
D3,B,python,0,20260801,d3_000007.bin,.bin,high,none,55318564,55318564,55318580,7.9973,33.6136,0.0003,0.0007,4.4887,5.4742,7.2004,0.0548,33.7189,0.0,86.6258,,2026-08-13T11:05:56
D3,B,python,0,20260801,d3_000008.bin,.bin,high,none,56876675,56876675,56876691,7.9974,33.5821,0.0007,0.0006,4.5195,5.5594,7.8153,0.0591,34.1624,0.0,87.7435,,2026-08-13T11:05:56
D3,B,python,0,20260801,d3_000009.bin,.bin,high,none,54818050,54818050,54818066,7.9972,33.3714,0.0004,0.0006,4.4388,5.4857,7.1773,0.0503,32.908,0.0,85.4996,,2026-08-13T11:05:56
D3,B,python,0,20260801,d3_000010.bin,.bin,high,none,69065459,69065459,69065475,7.9971,42.4005,0.0004,0.0009,4.4669,5.5127,7.1849,0.052,41.6348,0.0,103.325,,2026-08-13T11:05:56
D3,B,python,0,20260801,d3_000011.bin,.bin,high,none,44083862,44083862,44083878,7.9974,28.1189,0.0004,0.0007,4.4785,5.533,7.3436,0.0537,26.7243,0.0,74.3915,,2026-08-13T11:05:56
D3,B,python,0,20260801,d3_000012.bin,.bin,high,none,64295659,64295659,64295675,7.9975,39.391,0.0004,0.0006,4.587,5.6078,7.3566,0.0515,38.908,0.0,98.0181,,2026-08-13T11:05:56
D3,B,python,0,20260801,d3_000013.bin,.bin,high,none,43800334,43800334,43800350,7.9969,25.3161,0.0003,0.0008,4.4947,5.5717,7.1944,0.0538,26.2411,0.0,70.981,,2026-08-13T11:05:56
D3,B,python,0,20260801,d3_000014.bin,.bin,high,none,36218676,36218676,36218692,7.9972,21.9447,0.0004,0.0005,4.4832,5.4827,7.1699,0.0546,21.8194,0.0,63.0514,,2026-08-13T11:05:56
D3,B,python,0,20260801,d3_000015.bin,.bin,high,none,24596063,24596063,24596079,7.997,14.7036,0.0004,0.0007,4.6366,5.7509,7.4005,0.0499,15.8576,0.0,50.5455,,2026-08-13T11:05:56
D3,B,python,0,20260801,d3_000016.bin,.bin,high,none,21356198,21356198,21356214,7.9973,13.1165,0.0003,0.0008,4.4967,5.5322,7.3414,0.0532,13.0791,0.0,45.7486,,2026-08-13T11:05:56
D3,B,python,0,20260801,d3_000017.bin,.bin,high,none,24791134,24791134,24791150,7.9972,13.2047,0.0004,0.0005,4.6823,5.5715,7.2942,0.0603,16.2766,0.0,49.2626,,2026-08-13T11:05:56
D3,B,python,0,20260801,d3_000018.bin,.bin,high,none,33134681,33134681,33134697,7.9972,18.7056,0.0004,0.0007,4.5809,5.7195,7.8061,0.0569,20.0527,0.0,59.0438,,2026-08-13T11:05:56
D3,B,python,0,20260801,d3_000019.bin,.bin,high,none,79920390,79920390,79920406,7.9971,44.1599,0.0004,0.0006,4.5031,5.5954,7.2737,0.0487,47.6246,0.0,111.3153,,2026-08-13T11:05:56
D3,B,python,0,20260801,d3_000020.bin,.bin,high,none,63302005,63302005,63302021,7.9974,36.7416,0.0005,0.0005,4.5617,5.592,7.2909,0.0535,37.4129,0.0,93.7054,,2026-08-13T11:05:56
D3,B,python,0,20260801,d3_000021.bin,.bin,high,none,63462278,63462278,63462294,7.997,38.5915,0.0004,0.0006,4.4742,5.4869,7.1782,0.0465,37.4618,0.0,95.2942,,2026-08-13T11:05:56
D3,B,python,0,20260801,d3_000022.bin,.bin,high,none,42915540,42915540,42915556,7.9972,24.6665,0.0006,0.0006,4.4775,5.5912,7.308,0.0499,25.78,0.0,69.968,,2026-08-13T11:05:56
D3,B,python,0,20260801,d3_000023.bin,.bin,high,none,29523658,29523658,29523674,7.9973,17.3852,0.0006,0.0004,4.5684,5.4956,7.2663,0.0523,13.6972,0.0,50.6246,,2026-08-13T11:05:56
D3,B,python,0,20260801,d3_000024.bin,.bin,high,none,80511752,80511752,80511768,7.9976,46.2178,0.0007,0.0005,4.5057,5.5364,7.2731,0.0503,47.7984,0.0,113.4479,,2026-08-13T11:05:56
D3,B,python,0,20260801,d3_000025.bin,.bin,high,none,57744773,57744773,57744789,7.9972,31.7295,0.0003,0.0006,4.5243,5.6054,7.1863,0.0521,35.3709,0.0,86.5428,,2026-08-13T11:05:56
D3,B,python,0,20260801,d3_000026.bin,.bin,high,none,52834082,52834082,52834098,7.997,28.7456,0.0007,0.0004,4.4484,5.4757,8.6294,0.0554,32.4178,0.0,81.8248,,2026-08-13T11:05:56
D3,B,python,0,20260801,d3_000027.bin,.bin,high,none,78636439,78636439,78636455,7.9974,46.9346,0.0004,0.0006,4.6084,5.8482,7.4317,0.0499,47.1012,0.0,114.0736,,2026-08-13T11:05:56
D3,B,python,0,20260801,d3_000028.bin,.bin,high,none,30412724,30412724,30412740,7.9974,17.0259,0.0004,0.0004,4.527,5.5997,7.3248,0.0504,8.717,0.0,45.3222,,2026-08-13T11:05:56
D3,B,python,0,20260801,d3_000029.bin,.bin,high,none,78467838,78467838,78467854,7.9971,47.8174,0.0003,0.0008,5.0538,5.4895,7.1387,0.0574,46.4235,0.0,114.3657,,2026-08-13T11:05:56
D3,B,python,0,20260801,d3_000030.bin,.bin,high,none,47484611,47484611,47484627,7.9975,26.1094,0.0004,0.0004,4.4461,5.4796,7.1693,0.0488,28.562,0.0,73.903,,2026-08-13T11:05:56
D3,B,python,0,20260801,d3_000031.bin,.bin,high,none,69400230,69400230,69400246,7.9973,42.3421,0.0003,0.0006,4.7302,5.5596,7.1713,0.0508,41.0233,0.0,102.9337,,2026-08-13T11:05:56
D3,B,python,0,20260801,d3_000032.bin,.bin,high,none,63049252,63049252,63049268,7.997,38.2014,0.0003,0.0005,4.4829,5.5457,7.1736,0.0489,37.1548,0.0,94.6996,,2026-08-13T11:05:56
D3,B,python,0,20260801,d3_000033.bin,.bin,high,none,64778759,64778759,64778775,7.9976,38.1639,0.0004,0.0006,4.4655,5.5274,7.2546,0.0504,38.3849,0.0,95.9347,,2026-08-13T11:05:56
D3,B,python,0,20260801,d3_000034.bin,.bin,high,none,84469878,84469878,84469894,7.9967,52.8209,0.0004,0.0005,5.4984,5.4862,7.1933,0.0494,49.9964,0.0,123.1567,,2026-08-13T11:05:56
D3,B,python,0,20260801,d3_000035.bin,.bin,high,none,42106260,42106260,42106276,7.9971,23.1926,0.0005,0.0009,4.5101,5.6712,7.1744,0.0499,25.4103,0.0,68.0996,,2026-08-13T11:05:56
D3,B,python,0,20260801,d3_000036.bin,.bin,high,none,41596180,41596180,41596196,7.9973,23.0324,0.0004,0.0006,4.5282,5.4775,8.077,0.0623,25.0245,0.0,68.2486,,2026-08-13T11:05:56
D3,B,python,0,20260801,d3_000037.bin,.bin,high,none,42485139,42485139,42485155,7.9976,23.6092,0.0004,0.0006,4.454,5.7851,7.22,0.0476,25.5266,0.0,68.7225,,2026-08-13T11:05:56
D3,B,python,0,20260801,d3_000038.bin,.bin,high,none,54395747,54395747,54395763,7.9974,33.4992,0.0004,0.0008,4.4876,5.4741,7.1542,0.0507,32.3573,0.0,85.1953,,2026-08-13T11:05:56
D3,B,python,0,20260801,d3_000039.bin,.bin,high,none,32691572,32691572,32691588,7.9974,17.8569,0.0004,0.0005,4.5133,5.5429,7.2469,0.0514,15.0751,0.0,52.3447,,2026-08-13T11:05:56
D3,B,python,0,20260801,d3_000040.bin,.bin,high,none,81640489,81640489,81640505,7.9974,44.4471,0.0004,0.0006,4.5794,5.5994,7.307,0.0611,48.7504,0.0,112.8618,,2026-08-13T11:05:56
D3,B,python,0,20260801,d3_000041.bin,.bin,high,none,29479673,29479673,29479689,7.9968,16.5348,0.0003,0.0006,4.6093,5.6013,7.2904,0.0499,8.2271,0.0,44.5257,,2026-08-13T11:05:56
D3,B,python,0,20260801,d3_000042.bin,.bin,high,none,19506759,19506759,19506775,7.9969,11.1463,0.0003,0.0006,4.5818,5.5846,7.2815,0.0506,5.2952,0.0,36.0084,,2026-08-13T11:05:56
D3,B,python,0,20260801,d3_000043.bin,.bin,high,none,55084872,55084872,55084888,7.9972,32.1616,0.0004,0.0009,4.5614,5.6,7.2924,0.0491,32.7798,0.0,84.5537,,2026-08-13T11:05:56
D3,B,python,0,20260801,d3_000044.bin,.bin,high,none,53135306,53135306,53135322,7.997,29.3814,0.0005,0.0006,4.6189,5.6426,7.3564,0.0524,31.8188,0.0,81.0054,,2026-08-13T11:05:56
D3,B,python,0,20260801,d3_000045.bin,.bin,high,none,32661230,32661230,32661246,7.9979,17.9485,0.0004,0.0005,4.5918,5.6087,7.3364,0.0586,9.1541,0.0,46.7914,,2026-08-13T11:05:56
D3,B,python,0,20260801,d3_000046.bin,.bin,high,none,21680981,21680981,21680997,7.9976,12.1511,0.0004,0.0005,4.5842,5.5858,7.3024,0.0546,5.9279,0.0,37.7066,,2026-08-13T11:05:56
D3,B,python,0,20260801,d3_000047.bin,.bin,high,none,32843110,32843110,32843126,7.997,18.2546,0.0005,0.0008,4.5916,5.6344,7.3493,0.0531,20.181,0.0,58.1591,,2026-08-13T11:05:56
D3,B,python,0,20260801,d3_000048.bin,.bin,high,none,31452169,31452169,31452185,7.9965,17.9444,0.0005,0.0008,7.6079,10.4417,13.8497,0.0626,11.7517,0.0,65.4781,,2026-08-13T11:05:56
D3,B,python,0,20260801,d3_000049.bin,.bin,high,none,45889129,45889129,45889145,7.9971,25.1334,0.0005,0.0006,4.5705,5.5264,7.18,0.0535,28.8839,0.0,73.429,,2026-08-13T11:05:56
D3,B,python,0,20260801,d3_000050.bin,.bin,high,none,83313282,83313282,83313298,7.9973,47.1117,0.0006,0.0006,4.7664,5.7192,7.6226,0.0564,50.9606,0.0,118.3222,,2026-08-13T11:05:56
D3,B,python,0,20260801,d3_000051.bin,.bin,high,none,82003294,82003294,82003310,7.9972,49.0325,0.0004,0.0006,4.5401,5.5686,7.2991,0.0518,48.771,0.0,117.3239,,2026-08-13T11:05:56
D3,B,python,0,20260801,d3_000052.bin,.bin,high,none,48255599,48255599,48255615,7.9974,26.0201,0.0005,0.0008,4.5398,5.5834,7.2541,0.0529,29.6371,0.0,75.1481,,2026-08-13T11:05:56
D3,B,python,0,20260801,d3_000053.bin,.bin,high,none,21989741,21989741,21989757,7.9973,12.3642,0.0004,0.0008,4.5244,5.5157,7.2231,0.056,6.1737,0.0,37.9298,,2026-08-13T11:05:56
D3,B,python,0,20260801,d3_000054.bin,.bin,high,none,58718599,58718599,58718615,7.9973,31.6157,0.0004,0.0007,4.6666,5.706,7.4064,0.054,36.7048,0.0,88.2618,,2026-08-13T11:05:56
D3,B,python,0,20260801,d3_000055.bin,.bin,high,none,84148671,84148671,84148687,7.9975,50.0393,0.0006,0.0011,4.6993,5.8012,7.6363,0.0518,52.2266,0.0,122.543,,2026-08-13T11:05:56
D3,B,python,0,20260801,d3_000056.bin,.bin,high,none,58029202,58029202,58029218,7.9971,31.8387,0.0005,0.0007,4.6209,5.6104,7.3151,0.057,35.5856,0.0,87.1026,,2026-08-13T11:05:56
D3,B,python,0,20260801,d3_000057.bin,.bin,high,none,56955677,56955677,56955693,7.9973,32.7059,0.0004,0.0009,4.7667,6.0071,7.7939,0.0685,36.2234,0.0,89.72,,2026-08-13T11:05:56
D3,B,python,0,20260801,d3_000058.bin,.bin,high,none,44230089,44230089,44230105,7.9971,24.8948,0.0006,0.0005,4.6724,5.6978,7.4462,0.0554,27.5136,0.0,72.3736,,2026-08-13T11:05:56
D3,B,python,0,20260801,d3_000059.bin,.bin,high,none,73559776,73559776,73559792,7.9971,48.452,0.0004,0.0007,4.8859,7.1001,7.5908,0.0647,45.6564,0.0,115.8552,,2026-08-13T11:05:56
D3,B,python,0,20260801,d3_000060.bin,.bin,high,none,50819418,50819418,50819434,7.9973,29.0016,0.0004,0.0006,4.7216,5.7356,7.4149,0.0548,31.2827,0.0,80.3408,,2026-08-13T11:05:56
D3,B,python,0,20260801,d3_000061.bin,.bin,high,none,22163357,22163357,22163373,7.9971,12.728,0.0004,0.0005,4.6541,5.7797,7.464,0.0661,6.4638,0.0,39.2388,,2026-08-13T11:05:56
D3,B,python,0,20260801,d3_000062.bin,.bin,high,none,68834201,68834201,68834217,7.9966,41.9092,0.0004,0.0004,4.823,5.9561,7.6447,0.0645,43.7428,0.0,106.2688,,2026-08-13T11:05:56
D3,B,python,0,20260801,d3_000063.bin,.bin,high,none,24648575,24648575,24648591,7.9974,13.8718,0.0005,0.0005,4.7842,6.128,7.5635,0.0611,7.2897,0.0,41.7894,,2026-08-13T11:05:56
D3,B,python,0,20260801,d3_000064.bin,.bin,high,none,70389420,70389420,70389436,7.9973,42.1871,0.0003,0.0006,4.7381,5.6529,7.6216,0.0518,42.9511,0.0,105.2803,,2026-08-13T11:05:56
D3,B,python,0,20260801,d3_000065.bin,.bin,high,none,22925262,22925262,22925278,7.9972,13.192,0.0004,0.0004,5.1897,5.8,7.3856,0.0537,6.271,0.0,40.0338,,2026-08-13T11:05:56
D3,B,python,0,20260801,d3_000066.bin,.bin,high,none,73493545,73493545,73493561,7.9978,41.4137,0.0003,0.0004,4.7688,5.6544,7.8498,0.0543,46.1632,0.0,107.9697,,2026-08-13T11:05:56
D3,B,python,0,20260801,d3_000067.bin,.bin,high,none,44379070,44379070,44379086,7.9974,25.0379,0.0005,0.0011,4.5867,5.7393,7.4211,0.061,27.6188,0.0,72.5377,,2026-08-13T11:05:56
D3,B,python,0,20260801,d3_000068.bin,.bin,high,none,70507258,70507258,70507274,7.9971,45.0178,0.0004,0.0006,4.6988,6.808,7.565,0.053,46.3035,0.0,112.5674,,2026-08-13T11:05:56
D3,B,python,0,20260801,d3_000069.bin,.bin,high,none,20715818,20715818,20715834,7.9973,11.9793,0.0007,0.0008,4.6367,5.6603,7.4505,0.0545,6.1938,0.0,38.0787,,2026-08-13T11:05:56
D3,B,python,0,20260801,d3_000070.bin,.bin,high,none,46526975,46526975,46526991,7.9969,27.1599,0.0004,0.0006,4.7476,5.8193,7.5789,0.0568,28.9182,0.0,76.4058,,2026-08-13T11:05:56
D3,B,python,0,20260801,d3_000071.bin,.bin,high,none,39132991,39132991,39133007,7.9974,23.119,0.0005,0.0012,8.3327,10.4669,13.7109,0.0638,32.1347,0.0,91.1701,,2026-08-13T11:05:56
D3,B,python,0,20260801,d3_000072.bin,.bin,high,none,80943315,80943315,80943331,7.9973,50.5897,0.0004,0.0005,4.7525,6.1835,7.4701,0.0696,62.8231,0.0,135.66,,2026-08-13T11:05:56
D3,B,python,0,20260801,d3_000073.bin,.bin,high,none,46533223,46533223,46533239,7.9967,28.3404,0.0005,0.0009,8.1915,9.5999,8.0649,0.0536,29.1242,0.0,85.4543,,2026-08-13T11:05:56
D3,B,python,0,20260801,d3_000074.bin,.bin,high,none,75784881,75784881,75784897,7.9974,50.7207,0.0007,0.0006,4.6242,5.7494,7.3592,0.0553,46.818,0.0,117.4395,,2026-08-13T11:05:56
D3,B,python,0,20260801,d3_000075.bin,.bin,high,none,84186550,84186550,84186566,7.9974,53.6275,0.0004,0.0008,8.6987,10.9804,14.513,0.0687,63.9076,0.0,153.8968,,2026-08-13T11:05:56
D3,B,python,0,20260801,d3_000076.bin,.bin,high,none,52514323,52514323,52514339,7.9968,31.078,0.0004,0.0005,4.6703,5.6485,7.3427,0.053,32.0974,0.0,83.0429,,2026-08-13T11:05:56
D3,B,python,0,20260801,d3_000077.bin,.bin,high,none,42901420,42901420,42901436,7.9976,23.9758,0.0008,0.0005,4.7086,5.7844,7.4568,0.0589,29.8978,0.0,74.0437,,2026-08-13T11:05:56
D3,B,python,0,20260801,d3_000078.bin,.bin,high,none,50795498,50795498,50795514,7.9976,27.9549,0.0004,0.0008,7.0221,9.7525,7.9359,0.0623,33.3083,0.0,89.0685,,2026-08-13T11:05:56
D3,B,python,0,20260801,d3_000079.bin,.bin,high,none,56363656,56363656,56363672,7.9975,30.728,0.0006,0.0004,5.369,8.8805,7.907,0.0562,34.6377,0.0,90.1457,,2026-08-13T11:05:56
D3,B,python,0,20260801,d3_000080.bin,.bin,high,none,49543026,49543026,49543042,7.997,30.2616,0.0003,0.0004,8.0015,9.8774,7.9363,0.0533,38.2912,0.0,96.4954,,2026-08-13T11:05:56
D3,B,python,0,20260801,d3_000081.bin,.bin,high,none,25907736,25907736,25907752,7.9973,15.0362,0.0004,0.0006,4.9062,5.966,7.428,0.0605,7.5214,0.0,43.0357,,2026-08-13T11:05:56
D3,B,python,0,20260801,d3_000082.bin,.bin,high,none,62310271,62310271,62310287,7.9972,35.5287,0.0007,0.001,8.0543,10.1296,13.4597,0.062,43.0288,0.0,112.4565,,2026-08-13T11:05:56
D3,B,python,0,20260801,d3_000083.bin,.bin,high,none,65267881,65267881,65267897,7.9972,36.3165,0.0004,0.0008,4.7501,5.654,7.6979,0.0537,47.1368,0.0,103.8255,,2026-08-13T11:05:56
D3,B,python,0,20260801,d3_000084.bin,.bin,high,none,72297874,72297874,72297890,7.9974,44.3922,0.0004,0.0008,4.6343,5.8046,7.4771,0.056,44.6635,0.0,109.1312,,2026-08-13T11:05:56
D3,B,python,0,20260801,d3_000085.bin,.bin,high,none,83030030,83030030,83030046,7.997,48.5687,0.0003,0.0006,4.673,5.8104,7.5674,0.0651,56.2855,0.0,125.0845,,2026-08-13T11:05:56
D3,B,python,0,20260801,d3_000086.bin,.bin,high,none,56045333,56045333,56045349,7.9972,33.3795,0.0007,0.0009,8.5035,10.404,14.1273,0.0652,45.0947,0.0,115.2731,,2026-08-13T11:05:56
D3,B,python,0,20260801,d3_000087.bin,.bin,high,none,36036942,36036942,36036958,7.9973,21.2489,0.0005,0.001,8.2151,10.2245,13.5563,0.0635,29.7707,0.0,86.7886,,2026-08-13T11:05:56
D3,B,python,0,20260801,d3_000088.bin,.bin,high,none,72020518,72020518,72020534,7.9972,48.1762,0.0003,0.0006,4.6258,5.8084,7.4575,0.0521,43.2688,0.0,111.4587,,2026-08-13T11:05:56
D3,B,python,0,20260801,d3_000089.bin,.bin,high,none,72211515,72211515,72211531,7.9973,42.382,0.0004,0.0006,4.5907,5.9629,7.7588,0.0529,43.9896,0.0,106.9866,,2026-08-13T11:05:56
D3,B,python,0,20260801,d3_000090.bin,.bin,high,none,30406156,30406156,30406172,7.9975,16.9017,0.0004,0.0004,4.5234,5.5895,7.3303,0.0521,8.5223,0.0,44.9868,,2026-08-13T11:05:56
D3,B,python,0,20260801,d3_000091.bin,.bin,high,none,32622564,32622564,32622580,7.9966,18.3988,0.0004,0.001,4.5724,5.6458,7.306,0.0529,9.1091,0.0,47.1781,,2026-08-13T11:05:56
D3,B,python,0,20260801,d3_000092.bin,.bin,high,none,67867638,67867638,67867654,7.997,35.9811,0.0004,0.0005,4.5434,5.6036,7.3094,0.0505,40.3499,0.0,95.9087,,2026-08-13T11:05:56
D3,B,python,0,20260801,d3_000093.bin,.bin,high,none,42762488,42762488,42762504,7.997,21.9407,0.0003,0.0008,4.4878,5.5651,7.5177,0.0576,25.6584,0.0,67.4778,,2026-08-13T11:05:56
D3,B,python,0,20260801,d3_000094.bin,.bin,high,none,23413380,23413380,23413396,7.9975,13.1146,0.0004,0.0005,4.7432,5.7885,7.478,0.0517,6.7084,0.0,39.9969,,2026-08-13T11:05:56
D3,B,python,0,20260801,d3_000095.bin,.bin,high,none,65031446,65031446,65031462,7.997,35.6765,0.0006,0.0006,4.7542,5.7239,7.3055,0.0512,39.4108,0.0,95.0356,,2026-08-13T11:05:56
D3,B,python,0,20260801,d3_000096.bin,.bin,high,none,21039737,21039737,21039753,7.9971,12.1137,0.0004,0.0005,4.5516,5.6053,7.2158,0.0495,5.5536,0.0,37.1892,,2026-08-13T11:05:56
D3,B,python,0,20260801,d3_000097.bin,.bin,high,none,43705178,43705178,43705194,7.9968,23.7253,0.0004,0.0005,4.5743,5.7597,7.32,0.0487,27.6681,0.0,71.8553,,2026-08-13T11:05:56
D3,B,python,0,20260801,d3_000098.bin,.bin,high,none,54909287,54909287,54909303,7.997,32.5162,0.0004,0.0011,8.4585,10.0755,13.1771,0.0584,36.0671,0.0,102.4705,,2026-08-13T11:05:56
D3,B,python,0,20260801,d3_000099.bin,.bin,high,none,19798631,19798631,19798647,7.9969,12.5795,0.0004,0.0005,5.904,8.0082,11.6592,0.0494,5.6107,5.0259,52.7502,ok,2026-08-13T11:05:56
D3,B,python,0,20260801,d3_000100.bin,.bin,high,none,35376329,35376329,35376345,7.997,19.9648,0.0004,0.0005,5.136,6.5546,8.3995,0.0518,23.3922,0.0,66.7911,,2026-08-13T11:05:56
D3,B,python,0,20260801,d3_000101.bin,.bin,high,none,69281283,69281283,69281299,7.997,37.455,0.0005,0.0009,4.5663,5.9693,8.0795,0.0599,45.2426,0.0,103.505,,2026-08-13T11:05:56
D3,B,python,0,20260801,d3_000102.bin,.bin,high,none,70730366,70730366,70730382,7.9972,41.2061,0.0004,0.0008,4.5498,5.8927,7.4109,0.0551,44.7581,0.0,105.9618,,2026-08-13T11:05:56
D3,B,python,0,20260801,d3_000103.bin,.bin,high,none,75418317,75418317,75418333,7.9973,44.5942,0.0004,0.0007,4.5939,5.7089,7.3769,0.058,45.3302,0.0,109.7521,,2026-08-13T11:05:56
D3,B,python,0,20260801,d3_000104.bin,.bin,high,none,84160490,84160490,84160506,7.9972,51.2591,0.0003,0.0006,4.5833,5.6007,7.4071,0.0513,50.8681,0.0,121.8965,,2026-08-13T11:05:56
D3,B,python,0,20260801,d3_000105.bin,.bin,high,none,60900896,60900896,60900912,7.9972,34.0884,0.0003,0.0006,4.7188,5.6613,7.5054,0.0573,36.9583,0.0,91.0813,,2026-08-13T11:05:56
D3,B,python,0,20260801,d3_000106.bin,.bin,high,none,64642203,64642203,64642219,7.9977,36.7699,0.0004,0.0011,4.5101,5.5606,7.2216,0.0535,39.4164,0.0,95.6659,,2026-08-13T11:05:56
D3,B,python,0,20260801,d3_000107.bin,.bin,high,none,41341046,41341046,41341062,7.9969,23.3833,0.0004,0.0005,4.5657,5.55,7.2267,0.0526,25.3508,0.0,68.2023,,2026-08-13T11:05:56
D3,B,python,0,20260801,d3_000108.bin,.bin,high,none,74218349,74218349,74218365,7.9971,46.666,0.0004,0.0006,4.7548,5.5813,7.3519,0.0521,44.5722,0.0,111.0782,,2026-08-13T11:05:56
D3,B,python,0,20260801,d3_000109.bin,.bin,high,none,78093658,78093658,78093674,7.9974,47.8856,0.0004,0.0006,4.6257,5.6562,7.4024,0.0536,48.2513,0.0,115.9747,,2026-08-13T11:05:56
D3,B,python,0,20260801,d3_000110.bin,.bin,high,none,82471853,82471853,82471869,7.9975,47.4667,0.0004,0.0006,4.6005,5.8448,7.3509,0.0542,49.5637,0.0,116.9735,,2026-08-13T11:05:56
D3,B,python,0,20260801,d3_000111.bin,.bin,high,none,75732260,75732260,75732276,7.9973,41.8776,0.0006,0.0008,5.693,5.7986,7.3259,0.0532,48.3621,0.0,111.1813,,2026-08-13T11:05:56
D3,B,python,0,20260801,d3_000112.bin,.bin,high,none,38719485,38719485,38719501,7.9971,21.0258,0.0004,0.001,5.0364,5.8673,7.533,0.0529,27.268,0.0,70.0805,,2026-08-13T11:05:56
D3,B,python,0,20260801,d3_000113.bin,.bin,high,none,34523750,34523750,34523766,7.9973,19.5001,0.0005,0.001,7.1946,10.0668,13.0796,0.0647,28.0602,0.0,80.4941,,2026-08-13T11:05:56
D3,B,python,0,20260801,d3_000114.bin,.bin,high,none,41613643,41613643,41613659,7.9974,24.5284,0.0009,0.0011,5.5761,6.1875,8.3525,0.0621,25.1789,0.0,71.9731,,2026-08-13T11:05:56
D3,B,python,0,20260801,d3_000115.bin,.bin,high,none,32938470,32938470,32938486,7.9972,18.8696,0.0004,0.0008,4.5265,5.5666,7.1927,0.0508,9.2816,0.0,47.5738,,2026-08-13T11:05:56
D3,B,python,0,20260801,d3_000116.bin,.bin,high,none,28992228,28992228,28992244,7.9971,16.8037,0.0007,0.0005,4.579,5.7611,7.2875,0.05,8.1087,0.0,44.659,,2026-08-13T11:05:56
D3,B,python,0,20260801,d3_000117.bin,.bin,high,none,77074609,77074609,77074625,7.9971,43.6813,0.0003,0.0006,4.5168,5.5109,7.2397,0.0516,50.5436,0.0,113.9644,,2026-08-13T11:05:56
D3,B,python,0,20260801,d3_000118.bin,.bin,high,none,58050137,58050137,58050153,7.9968,32.8121,0.0004,0.0006,4.5174,5.5134,7.1974,0.0566,35.0583,0.0,87.2215,,2026-08-13T11:05:56
D3,B,python,0,20260801,d3_000119.bin,.bin,high,none,64919349,64919349,64919365,7.9976,36.6947,0.0006,0.001,5.5914,5.7856,7.2801,0.0502,39.5481,0.0,97.0217,,2026-08-13T11:05:56
D3,B,python,0,20260801,d3_000120.bin,.bin,high,none,78182667,78182667,78182683,7.9969,42.7798,0.0004,0.0007,4.5039,5.5552,7.5169,0.0509,46.5327,0.0,108.9887,,2026-08-13T11:05:56
D3,B,python,0,20260801,d3_000121.bin,.bin,high,none,60885614,60885614,60885630,7.9972,33.6002,0.0004,0.0006,4.549,6.7665,7.3817,0.0501,37.0165,0.0,91.4957,,2026-08-13T11:05:56
D3,B,python,0,20260801,d3_000122.bin,.bin,high,none,72290399,72290399,72290415,7.9975,43.2053,0.0003,0.0007,4.5803,5.8575,7.3945,0.0519,43.019,0.0,106.2097,,2026-08-13T11:05:56
D3,B,python,0,20260801,d3_000123.bin,.bin,high,none,47864270,47864270,47864286,7.9966,27.1866,0.0005,0.0007,4.5821,5.5249,7.7218,0.0617,28.951,0.0,76.1131,,2026-08-13T11:05:56
D3,B,python,0,20260801,d3_000124.bin,.bin,high,none,40867385,40867385,40867401,7.9972,22.6758,0.0004,0.0006,4.6726,5.6641,7.19,0.0523,24.5725,0.0,66.9285,,2026-08-13T11:05:56
D3,B,python,0,20260801,d3_000125.bin,.bin,high,none,45927410,45927410,45927426,7.9974,24.5076,0.0004,0.0005,4.5767,5.6205,7.4214,0.0522,28.0996,0.0,72.3714,,2026-08-13T11:05:56
D3,B,python,0,20260801,d3_000126.bin,.bin,high,none,81773267,81773267,81773283,7.9969,50.6848,0.0004,0.0008,4.6252,6.1876,7.3305,0.0535,48.64,0.0,119.6231,,2026-08-13T11:05:56
D3,B,python,0,20260801,d3_000127.bin,.bin,high,none,50844502,50844502,50844518,7.9968,28.1928,0.0004,0.0006,4.6091,5.7708,7.4126,0.0528,31.744,0.0,79.8512,,2026-08-13T11:05:56
D3,B,python,0,20260801,d3_000128.bin,.bin,high,none,62532554,62532554,62532570,7.9975,34.9771,0.0004,0.0005,4.6218,5.617,7.3382,0.0563,38.0668,0.0,92.7576,,2026-08-13T11:05:56
D3,B,python,0,20260801,d3_000129.bin,.bin,high,none,76506008,76506008,76506024,7.9965,41.6105,0.0004,0.0005,4.6087,5.7612,7.5473,0.0664,45.8523,0.0,107.556,,2026-08-13T11:05:56
D3,B,python,0,20260801,d3_000130.bin,.bin,high,none,56717189,56717189,56717205,7.9972,30.7633,0.0004,0.0006,4.6097,5.6346,7.3511,0.0507,34.1999,0.0,84.7305,,2026-08-13T11:05:56
D3,B,python,0,20260801,d3_000131.bin,.bin,high,none,52232565,52232565,52232581,7.9968,28.3917,0.0004,0.0009,4.8677,5.6352,7.3157,0.0515,31.6225,0.0,80.0394,,2026-08-13T11:05:56
D3,B,python,0,20260801,d3_000132.bin,.bin,high,none,59086499,59086499,59086515,7.9974,32.1743,0.0003,0.0008,4.5562,5.5841,7.2862,0.0572,36.014,0.0,87.777,,2026-08-13T11:05:56
D3,B,python,0,20260801,d3_000133.bin,.bin,high,none,78631585,78631585,78631601,7.9969,45.6208,0.0005,0.0009,4.7305,5.5024,7.2359,0.0522,47.0068,0.0,112.2387,,2026-08-13T11:05:56
D3,B,python,0,20260801,d3_000134.bin,.bin,high,none,45925880,45925880,45925896,7.9974,26.29,0.0004,0.0005,4.5998,5.6388,7.3239,0.0516,28.771,0.0,74.7822,,2026-08-13T11:05:56
D3,B,python,0,20260801,d3_000135.bin,.bin,high,none,28127902,28127902,28127918,7.9965,15.221,0.0004,0.0006,4.4962,5.6212,7.6991,0.0505,7.8834,0.0,43.074,,2026-08-13T11:05:56
D3,B,python,0,20260801,d3_000136.bin,.bin,high,none,44064357,44064357,44064373,7.9969,24.6685,0.0004,0.0009,4.7697,5.6353,7.3888,0.0516,26.861,0.0,71.4813,,2026-08-13T11:05:56
D3,B,python,0,20260801,d3_000137.bin,.bin,high,none,70616150,70616150,70616166,7.9976,41.9233,0.0007,0.0005,5.2478,7.2657,7.7636,0.052,42.2958,0.0,106.6084,,2026-08-13T11:05:56
D3,B,python,0,20260801,d3_000138.bin,.bin,high,none,70324711,70324711,70324727,7.9973,40.2778,0.0004,0.0011,4.5274,5.5316,7.2274,0.0514,41.6213,0.0,101.3099,,2026-08-13T11:05:56
D3,B,python,0,20260801,d3_000139.bin,.bin,high,none,21568558,21568558,21568574,7.9972,12.0235,0.0005,0.0011,4.5988,7.5664,12.6609,0.0638,7.8083,0.0,48.2101,,2026-08-13T11:05:56
D3,B,python,0,20260801,d3_000140.bin,.bin,high,none,40443873,40443873,40443889,7.9974,24.7722,0.0009,0.0014,7.7801,11.1803,8.3742,0.0515,24.4983,0.0,78.7567,,2026-08-13T11:05:56
D3,B,python,0,20260801,d3_000141.bin,.bin,high,none,81097119,81097119,81097135,7.997,46.1019,0.0004,0.0008,4.5548,5.5369,7.2175,0.0539,49.2876,0.0,114.8412,,2026-08-13T11:05:56
D3,B,python,0,20260801,d3_000142.bin,.bin,high,none,80316080,80316080,80316096,7.9972,47.2396,0.0004,0.0006,4.5604,5.8691,7.2672,0.0582,48.2852,0.0,115.8174,,2026-08-13T11:05:56
D3,B,python,0,20260801,d3_000143.bin,.bin,high,none,32148881,32148881,32148897,7.9975,17.9702,0.0004,0.0006,4.69,5.6569,7.4618,0.0648,9.0791,0.0,47.0008,,2026-08-13T11:05:56
D3,B,python,0,20260801,d3_000144.bin,.bin,high,none,43170359,43170359,43170375,7.997,23.6882,0.0004,0.0006,4.5471,5.6124,7.2132,0.051,26.117,0.0,69.344,,2026-08-13T11:05:56
D3,B,python,0,20260801,d3_000145.bin,.bin,high,none,66855084,66855084,66855100,7.9972,40.9911,0.0005,0.0008,4.5714,5.9754,7.3055,0.0526,39.9802,0.0,100.9621,,2026-08-13T11:05:56
D3,B,python,0,20260801,d3_000146.bin,.bin,high,none,37370826,37370826,37370842,7.9975,20.2609,0.0004,0.0007,6.1288,8.3087,7.8998,0.0562,23.7482,0.0,68.5993,,2026-08-13T11:05:56
D3,B,python,0,20260801,d3_000147.bin,.bin,high,none,77060790,77060790,77060806,7.9969,43.6616,0.0004,0.0006,4.5948,5.6113,7.2772,0.0626,46.5876,0.0,109.9018,,2026-08-13T11:05:56
D3,B,python,0,20260801,d3_000148.bin,.bin,high,none,29090153,29090153,29090169,7.9975,16.9057,0.0007,0.0009,6.5959,6.4194,7.5043,0.0551,8.7121,0.0,48.3026,,2026-08-13T11:05:56
D3,B,python,0,20260801,d3_000149.bin,.bin,high,none,82563856,82563856,82563872,7.9974,52.8555,0.0004,0.0009,4.5734,5.5751,7.3783,0.0628,49.8803,0.0,122.4194,,2026-08-13T11:05:56
D3,B,python,0,20260801,d3_000150.bin,.bin,high,none,81641991,81641991,81642007,7.997,49.5433,0.0004,0.0006,4.5756,5.6695,7.4178,0.0582,50.0146,0.0,119.9127,,2026-08-13T11:05:56
D3,B,python,0,20260801,d3_000151.bin,.bin,high,none,20145810,20145810,20145826,7.9971,12.0954,0.0004,0.0008,4.6123,5.6726,7.3699,0.0528,5.4597,0.0,37.3584,,2026-08-13T11:05:56
D3,B,python,0,20260801,d3_000152.bin,.bin,high,none,40542624,40542624,40542640,7.9972,21.9907,0.0004,0.0011,4.5996,5.6251,7.3927,0.0535,24.8336,0.0,66.6305,,2026-08-13T11:05:56
D3,B,python,0,20260801,d3_000153.bin,.bin,high,none,60448330,60448330,60448346,7.9973,33.6677,0.0004,0.0005,4.6072,5.6796,7.8475,0.0526,37.3112,0.0,91.25,,2026-08-13T11:05:56
D3,B,python,0,20260801,d3_000154.bin,.bin,high,none,31257032,31257032,31257048,7.997,16.8744,0.0004,0.0006,4.526,5.6345,7.3232,0.0535,8.9063,0.0,45.3857,,2026-08-13T11:05:56
D3,B,python,0,20260801,d3_000155.bin,.bin,high,none,31354531,31354531,31354547,7.9972,17.66,0.0004,0.0004,4.5723,5.6809,7.5621,0.0545,8.7418,0.0,46.3937,,2026-08-13T11:05:56
D3,B,python,0,20260801,d3_000156.bin,.bin,high,none,33387144,33387144,33387160,7.9973,18.6674,0.0004,0.0007,4.5907,5.7004,7.5026,0.0531,20.3952,0.0,58.9824,,2026-08-13T11:05:56
D3,B,python,0,20260801,d3_000157.bin,.bin,high,none,81262306,81262306,81262322,7.9975,47.5377,0.0005,0.0008,4.6293,5.5795,7.3075,0.0555,49.6137,0.0,116.7993,,2026-08-13T11:05:56
D3,B,python,0,20260801,d3_000158.bin,.bin,high,none,21257343,21257343,21257359,7.9972,12.0555,0.0004,0.0008,4.6328,5.6114,7.3006,0.0537,5.937,0.0,37.6649,,2026-08-13T11:05:56
D3,B,python,0,20260801,d3_000159.bin,.bin,high,none,40393024,40393024,40393040,7.997,21.8272,0.0004,0.0005,4.6245,5.5824,7.2778,0.0541,24.4037,0.0,65.8776,,2026-08-13T11:05:56
D3,B,python,0,20260801,d3_000160.bin,.bin,high,none,45147328,45147328,45147344,7.997,23.977,0.0004,0.0008,4.5476,5.6,7.3802,0.0622,28.2537,0.0,71.9186,,2026-08-13T11:05:56
D3,B,python,0,20260801,d3_000161.bin,.bin,high,none,50416426,50416426,50416442,7.997,27.1658,0.0005,0.0008,4.6032,5.5381,7.2372,0.0528,30.4448,0.0,77.1088,,2026-08-13T11:05:56
D3,B,python,0,20260801,d3_000162.bin,.bin,high,none,20754967,20754967,20754983,7.9973,11.8832,0.0004,0.0008,4.5414,5.6055,7.8497,0.0523,5.7444,0.0,37.7517,,2026-08-13T11:05:56
D3,B,python,0,20260801,d3_000163.bin,.bin,high,none,67583642,67583642,67583658,7.9976,39.293,0.0004,0.0007,4.5782,5.6054,7.2441,0.056,41.1079,0.0,99.9833,,2026-08-13T11:05:56
D3,B,python,0,20260801,d3_000164.bin,.bin,high,none,60937975,60937975,60937991,7.997,33.7624,0.0003,0.0008,4.5978,5.6328,7.3556,0.0546,37.348,0.0,90.8609,,2026-08-13T11:05:56
D3,B,python,0,20260801,d3_000165.bin,.bin,high,none,22302054,22302054,22302070,7.9978,12.1259,0.0003,0.0005,4.6329,5.7133,7.7334,0.0519,6.3458,0.0,38.6994,,2026-08-13T11:05:56
D3,B,python,0,20260801,d3_000166.bin,.bin,high,none,73326625,73326625,73326641,7.9974,42.6658,0.0004,0.0004,4.5898,5.6149,7.3578,0.0616,43.6731,0.0,106.0843,,2026-08-13T11:05:56
D3,B,python,0,20260801,d3_000167.bin,.bin,high,none,52982340,52982340,52982356,7.9972,30.193,0.0005,0.0005,4.6443,5.6787,7.392,0.0559,33.3508,0.0,83.4451,,2026-08-13T11:05:56
D3,B,python,0,20260801,d3_000168.bin,.bin,high,none,81333559,81333559,81333575,7.9973,46.8857,0.0004,0.0004,4.5641,5.6216,7.3276,0.0532,48.4993,0.0,115.0815,,2026-08-13T11:05:56
D3,B,python,0,20260801,d3_000169.bin,.bin,high,none,58627882,58627882,58627898,7.9974,32.0411,0.0005,0.0005,4.6026,5.633,7.374,0.052,35.7983,0.0,87.5843,,2026-08-13T11:05:56
D3,B,python,0,20260801,d3_000170.bin,.bin,high,none,60904478,60904478,60904494,7.9971,33.2253,0.0005,0.0005,4.5403,5.5471,7.2235,0.0526,36.9606,0.0,89.6127,,2026-08-13T11:05:56
D3,B,python,0,20260801,d3_000171.bin,.bin,high,none,45175041,45175041,45175057,7.9973,24.836,0.0008,0.0005,4.6677,6.1077,7.3698,0.0562,27.6226,0.0,72.7414,,2026-08-13T11:05:56
D3,B,python,0,20260801,d3_000172.bin,.bin,high,none,76319615,76319615,76319631,7.9972,45.086,0.0003,0.0007,4.5787,5.5517,7.3229,0.0529,45.3498,0.0,110.0375,,2026-08-13T11:05:56
D3,B,python,0,20260801,d3_000173.bin,.bin,high,none,26877560,26877560,26877576,7.9972,15.5185,0.0004,0.0004,4.5878,5.7145,7.3333,0.0629,7.5755,0.0,42.9439,,2026-08-13T11:05:56
D3,B,python,0,20260801,d3_000174.bin,.bin,high,none,65971633,65971633,65971649,7.9974,35.5129,0.0004,0.0005,4.5589,5.9424,7.3775,0.0671,40.3418,0.0,95.9193,,2026-08-13T11:05:56
D3,B,python,0,20260801,d3_000175.bin,.bin,high,none,76682174,76682174,76682190,7.9974,45.6167,0.0004,0.0007,4.5894,5.6249,7.3512,0.053,45.6609,0.0,110.9714,,2026-08-13T11:05:56
D3,B,python,0,20260801,d3_000176.bin,.bin,high,none,43291923,43291923,43291939,7.9972,23.5351,0.0004,0.0008,4.5564,5.59,7.4021,0.0522,26.149,0.0,69.3551,,2026-08-13T11:05:56
D3,B,python,0,20260801,d3_000177.bin,.bin,high,none,32799985,32799985,32800001,7.9977,17.9003,0.0007,0.0006,4.6125,5.593,7.4403,0.0529,9.1212,0.0,46.8148,,2026-08-13T11:05:56
D3,B,python,0,20260801,d3_000178.bin,.bin,high,none,69155629,69155629,69155645,7.9975,39.3765,0.0004,0.0007,4.5305,5.654,7.2024,0.0529,41.1821,0.0,103.1364,,2026-08-13T11:05:56
D3,B,python,0,20260801,d3_000179.bin,.bin,high,none,18954414,18954414,18954430,7.9973,10.647,0.0004,0.0006,4.5623,5.691,7.4226,0.0649,5.6644,0.0,36.1272,,2026-08-13T11:05:56
D3,B,python,0,20260801,d3_000180.bin,.bin,high,none,67855582,67855582,67855598,7.9968,40.6095,0.0003,0.0006,4.5579,5.5419,7.2894,0.0601,41.4237,0.0,101.5506,,2026-08-13T11:05:56
D3,B,python,0,20260801,d3_000181.bin,.bin,high,none,47036326,47036326,47036342,7.9976,24.9496,0.0006,0.0004,4.5578,5.5944,7.2152,0.0501,28.4534,0.0,72.888,,2026-08-13T11:05:56
D3,B,python,0,20260801,d3_000182.bin,.bin,high,none,72854577,72854577,72854593,7.9968,41.1649,0.0004,0.0005,4.5,5.5668,7.2151,0.0516,43.0315,0.0,103.5978,,2026-08-13T11:05:56
D3,B,python,0,20260801,d3_000183.bin,.bin,high,none,63308166,63308166,63308182,7.9973,34.7171,0.0004,0.0009,4.5635,5.5555,7.2014,0.0524,38.1468,0.0,92.3081,,2026-08-13T11:05:56
D3,B,python,0,20260801,d3_000184.bin,.bin,high,none,68826729,68826729,68826745,7.997,40.0416,0.0006,0.0007,4.5745,5.5904,7.2778,0.0599,41.1398,0.0,106.1898,,2026-08-13T11:05:56
D3,B,python,0,20260801,d3_000185.bin,.bin,high,none,75543958,75543958,75543974,7.9969,44.5421,0.0004,0.0005,4.513,5.5333,7.2675,0.054,47.3587,0.0,111.3405,,2026-08-13T11:05:56
D3,B,python,0,20260801,d3_000186.bin,.bin,high,none,75551453,75551453,75551469,7.9972,45.6616,0.0004,0.0004,4.5365,5.827,7.2483,0.0532,44.8556,0.0,110.2474,,2026-08-13T11:05:56
D3,B,python,0,20260801,d3_000187.bin,.bin,high,none,32108993,32108993,32109009,7.9977,18.302,0.0004,0.0005,4.5811,5.5595,7.2499,0.0545,8.9701,0.0,46.7934,,2026-08-13T11:05:56
D3,B,python,0,20260801,d3_000188.bin,.bin,high,none,31456390,31456390,31456406,7.9974,17.5857,0.0004,0.0009,4.5521,5.5326,7.2197,0.0514,8.6559,0.0,45.6777,,2026-08-13T11:05:56
D3,B,python,0,20260801,d3_000189.bin,.bin,high,none,72908557,72908557,72908573,7.9968,45.6624,0.0007,0.0008,6.3467,5.5734,7.2631,0.0507,42.9388,0.0,109.9412,,2026-08-13T11:05:56
D3,B,python,0,20260801,d3_000190.bin,.bin,high,none,69877042,69877042,69877058,7.9971,39.6318,0.0004,0.0005,4.496,5.6631,7.3374,0.0509,41.4575,0.0,100.7214,,2026-08-13T11:05:56
D3,B,python,0,20260801,d3_000191.bin,.bin,high,none,55294025,55294025,55294041,7.997,30.9023,0.0004,0.0007,4.5846,5.5545,7.3933,0.0516,33.2465,0.0,85.5856,,2026-08-13T11:05:56
D3,B,python,0,20260801,d3_000192.bin,.bin,high,none,71198716,71198716,71198732,7.9976,41.4993,0.0005,0.0006,4.5726,5.5282,7.4471,0.0501,42.1579,0.0,103.3012,,2026-08-13T11:05:56
D3,B,python,0,20260801,d3_000193.bin,.bin,high,none,55617745,55617745,55617761,7.9974,30.1378,0.0004,0.0004,4.5478,5.6574,7.3079,0.0505,33.3883,0.0,83.1315,,2026-08-13T11:05:56
D3,B,python,0,20260801,d3_000194.bin,.bin,high,none,73867716,73867716,73867732,7.997,45.4558,0.0004,0.0005,4.5032,5.6999,7.2435,0.0501,43.6449,0.0,108.6822,,2026-08-13T11:05:56
D3,B,python,0,20260801,d3_000195.bin,.bin,high,none,21225614,21225614,21225630,7.9973,12.306,0.0004,0.0005,4.5686,6.8565,7.2739,0.0505,6.0203,0.0,39.1169,,2026-08-13T11:05:56
D3,B,python,0,20260801,d3_000196.bin,.bin,high,none,38964500,38964500,38964516,7.9969,21.8359,0.0004,0.0006,4.5374,5.5754,7.2747,0.0514,23.4497,0.0,64.7933,,2026-08-13T11:05:56
D3,B,python,0,20260801,d3_000197.bin,.bin,high,none,60808728,60808728,60808744,7.9968,33.8283,0.0004,0.0006,4.597,5.6278,7.3354,0.0502,36.5582,0.0,90.0694,,2026-08-13T11:05:56
D3,B,python,0,20260801,d3_000198.bin,.bin,high,none,46209900,46209900,46209916,7.9971,26.1282,0.0004,0.0008,4.6008,5.5785,7.2891,0.0529,29.1293,0.0,76.3398,,2026-08-13T11:05:56
D3,B,python,0,20260801,d3_000199.bin,.bin,high,none,27136088,27136088,27136104,7.9967,15.4367,0.0006,0.001,8.0191,11.8521,12.2806,0.0522,7.4221,12.0492,71.8282,ok,2026-08-13T11:05:56
D3,B,python,0,20260801,d3_000200.bin,.bin,high,none,30413456,30413456,30413472,7.9974,19.95,0.0004,0.0004,4.6106,5.676,7.3503,0.0537,18.406,0.0,58.1307,,2026-08-13T11:05:56
D3,B,python,0,20260801,d3_000201.bin,.bin,high,none,36132141,36132141,36132157,7.9974,20.5677,0.0006,0.0007,4.5678,5.6476,7.3527,0.0531,21.9647,0.0,62.2535,,2026-08-13T11:05:56
D3,B,python,0,20260801,d3_000202.bin,.bin,high,none,67836040,67836040,67836056,7.9973,42.6832,0.0004,0.0006,4.5963,5.9002,7.2997,0.0614,40.8139,0.0,103.4211,,2026-08-13T11:05:56
D3,B,python,0,20260801,d3_000203.bin,.bin,high,none,57613191,57613191,57613207,7.997,31.6738,0.0006,0.0004,4.6029,5.5695,7.2891,0.0515,34.9348,0.0,86.1682,,2026-08-13T11:05:56
D3,B,python,0,20260801,d3_000204.bin,.bin,high,none,60370682,60370682,60370698,7.9975,34.2218,0.0006,0.0005,4.5523,5.6108,7.3299,0.0524,36.5502,0.0,90.5309,,2026-08-13T11:05:56
D3,B,python,0,20260801,d3_000205.bin,.bin,high,none,21134778,21134778,21134794,7.997,12.4741,0.0004,0.0008,4.6014,5.7416,7.4125,0.0639,5.9192,0.0,38.2964,,2026-08-13T11:05:56
D3,B,python,0,20260801,d3_000206.bin,.bin,high,none,35164636,35164636,35164652,7.9971,19.6729,0.0005,0.0008,4.5896,5.6727,7.3365,0.0516,21.4592,0.0,60.8716,,2026-08-13T11:05:56
D3,B,python,0,20260801,d3_000207.bin,.bin,high,none,67856019,67856019,67856035,7.9973,41.6381,0.0004,0.0005,4.5495,5.6263,7.3377,0.053,40.4305,0.0,101.9076,,2026-08-13T11:05:56
D3,B,python,0,20260801,d3_000208.bin,.bin,high,none,49449691,49449691,49449707,7.9979,28.0914,0.0004,0.0004,4.7209,5.8038,7.4751,0.051,30.1182,0.0,78.3344,,2026-08-13T11:05:56
D3,B,python,0,20260801,d3_000209.bin,.bin,high,none,79751136,79751136,79751152,7.997,47.3393,0.0003,0.0005,4.6268,5.6696,7.558,0.0509,47.7428,0.0,115.0653,,2026-08-13T11:05:56
D3,B,python,0,20260801,d3_000210.bin,.bin,high,none,39450301,39450301,39450317,7.9974,21.3749,0.0007,0.0007,5.0769,5.7985,7.4914,0.0516,24.5828,0.0,66.5769,,2026-08-13T11:05:56
D3,B,python,0,20260801,d3_000211.bin,.bin,high,none,47994027,47994027,47994043,7.9974,27.2908,0.0004,0.0008,8.7967,10.528,9.4397,0.0527,35.5102,0.0,95.5475,,2026-08-13T11:05:56
D3,B,python,0,20260801,d3_000212.bin,.bin,high,none,75734323,75734323,75734339,7.9968,47.6581,0.0004,0.0006,4.5921,5.6084,7.3504,0.0525,45.0854,0.0,112.6289,,2026-08-13T11:05:56
D3,B,python,0,20260801,d3_000213.bin,.bin,high,none,73730662,73730662,73730678,7.9972,43.5664,0.0004,0.0007,4.5179,5.6303,7.3299,0.0504,43.5893,0.0,106.7683,,2026-08-13T11:05:56
D3,B,python,0,20260801,d3_000214.bin,.bin,high,none,70543242,70543242,70543258,7.9974,39.4423,0.0006,0.0007,4.599,5.5533,7.2311,0.0529,41.8146,0.0,100.7727,,2026-08-13T11:05:56
D3,B,python,0,20260801,d3_000215.bin,.bin,high,none,47905243,47905243,47905259,7.9973,26.5209,0.0004,0.0006,4.6186,5.652,7.3503,0.0538,28.9295,0.0,75.2099,,2026-08-13T11:05:56
D3,B,python,0,20260801,d3_000216.bin,.bin,high,none,59500388,59500388,59500404,7.9975,31.8756,0.0007,0.0007,4.6108,5.7568,7.4157,0.0535,35.9012,0.0,87.7048,,2026-08-13T11:05:56
D3,B,python,0,20260801,d3_000217.bin,.bin,high,none,66829799,66829799,66829815,7.9972,38.158,0.0004,0.0006,4.6584,5.6861,7.458,0.0564,40.871,0.0,98.9644,,2026-08-13T11:05:56
D3,B,python,0,20260801,d3_000218.bin,.bin,high,none,72206082,72206082,72206098,7.997,42.6495,0.0004,0.0007,4.643,5.7314,8.0146,0.0562,47.622,0.0,111.8907,,2026-08-13T11:05:56
D3,B,python,0,20260801,d3_000219.bin,.bin,high,none,24039213,24039213,24039229,7.9974,13.3049,0.0005,0.0007,4.599,5.6892,7.5467,0.06,7.4139,0.0,40.9764,,2026-08-13T11:05:56
D3,B,python,0,20260801,d3_000220.bin,.bin,high,none,79901145,79901145,79901161,7.9973,48.3069,0.0006,0.0006,4.6371,5.6643,7.3551,0.0536,48.1367,0.0,116.2541,,2026-08-13T11:05:56
D3,B,python,0,20260801,d3_000221.bin,.bin,high,none,39876402,39876402,39876418,7.9971,22.0984,0.0007,0.0008,4.5537,5.6702,7.382,0.0539,24.0677,0.0,66.596,,2026-08-13T11:05:56
D3,B,python,0,20260801,d3_000222.bin,.bin,high,none,47417036,47417036,47417052,7.9975,25.5906,0.0006,0.0006,4.5733,5.5611,7.2504,0.0539,28.7168,0.0,73.8258,,2026-08-13T11:05:56
D3,B,python,0,20260801,d3_000223.bin,.bin,high,none,69730511,69730511,69730527,7.9972,42.1377,0.0005,0.0007,4.5912,5.6196,7.2945,0.0544,41.6015,0.0,103.3487,,2026-08-13T11:05:56
D3,B,python,0,20260801,d3_000224.bin,.bin,high,none,65991492,65991492,65991508,7.9973,39.6953,0.0005,0.0006,4.5621,5.584,7.288,0.0606,40.2622,0.0,99.5569,,2026-08-13T11:05:56
D3,B,python,0,20260801,d3_000225.bin,.bin,high,none,43595199,43595199,43595215,7.9975,24.1642,0.0005,0.0004,4.5901,5.6268,7.539,0.0531,26.5789,0.0,70.6025,,2026-08-13T11:05:56
D3,B,python,0,20260801,d3_000226.bin,.bin,high,none,63021966,63021966,63021982,7.9972,36.7557,0.0005,0.0007,4.6231,5.7317,7.5051,0.0547,37.9714,0.0,95.0066,,2026-08-13T11:05:56
D3,B,python,0,20260801,d3_000227.bin,.bin,high,none,75277222,75277222,75277238,7.9977,43.9566,0.0004,0.001,4.7167,6.342,7.757,0.0536,45.7169,0.0,110.643,,2026-08-13T11:05:56
D3,B,python,0,20260801,d3_000228.bin,.bin,high,none,51932492,51932492,51932508,7.9973,29.4759,0.0008,0.0008,4.6461,5.7233,10.4769,0.0636,42.2053,0.0,96.1056,,2026-08-13T11:05:56
D3,B,python,0,20260801,d3_000229.bin,.bin,high,none,34953719,34953719,34953735,7.9973,20.1595,0.0005,0.0008,8.3212,10.3288,13.2061,0.0606,28.3193,0.0,83.8939,,2026-08-13T11:05:56
D3,B,python,0,20260801,d3_000230.bin,.bin,high,none,30577647,30577647,30577663,7.9971,18.0795,0.0005,0.0008,7.6413,5.5997,7.3345,0.0541,8.7873,0.0,49.7874,,2026-08-13T11:05:56
D3,B,python,0,20260801,d3_000231.bin,.bin,high,none,54155296,54155296,54155312,7.9972,30.2139,0.0004,0.0009,4.5611,5.6167,7.2381,0.0543,32.9784,0.0,82.7283,,2026-08-13T11:05:56
D3,B,python,0,20260801,d3_000232.bin,.bin,high,none,48362639,48362639,48362655,7.9975,26.3466,0.0004,0.0005,4.5781,5.6421,7.3204,0.0548,29.815,0.0,75.8371,,2026-08-13T11:05:56
D3,B,python,0,20260801,d3_000233.bin,.bin,high,none,77700879,77700879,77700895,7.9972,43.3156,0.0004,0.0006,4.5754,5.6142,7.3149,0.0597,46.333,0.0,109.3053,,2026-08-13T11:05:56
D3,B,python,0,20260801,d3_000234.bin,.bin,high,none,54261182,54261182,54261198,7.9971,29.1105,0.0007,0.0006,4.7384,5.7018,7.4501,0.0584,32.8386,0.0,81.9736,,2026-08-13T11:05:56
D3,B,python,0,20260801,d3_000235.bin,.bin,high,none,53400845,53400845,53400861,7.9972,28.7961,0.0004,0.0007,4.5437,5.5528,7.3097,0.059,32.137,0.0,80.4564,,2026-08-13T11:05:56
D3,B,python,0,20260801,d3_000236.bin,.bin,high,none,51313912,51313912,51313928,7.9973,27.2335,0.0004,0.0007,4.5884,5.5964,7.3303,0.0527,31.046,0.0,77.9085,,2026-08-13T11:05:56
D3,B,python,0,20260801,d3_000237.bin,.bin,high,none,46412496,46412496,46412512,7.9971,24.8018,0.0008,0.0005,4.6295,5.5963,8.1626,0.0533,28.0332,0.0,73.3567,,2026-08-13T11:05:56
D3,B,python,0,20260801,d3_000238.bin,.bin,high,none,24749934,24749934,24749950,7.9969,13.9498,0.0004,0.0006,4.6473,5.5739,7.3414,0.0531,6.772,0.0,40.4012,,2026-08-13T11:05:56
D3,B,python,0,20260801,d3_000239.bin,.bin,high,none,48620920,48620920,48620936,7.9976,26.4032,0.0004,0.0007,4.5346,5.6002,7.2792,0.0509,29.3192,0.0,75.2665,,2026-08-13T11:05:56
D3,B,python,0,20260801,d3_000240.bin,.bin,high,none,41443314,41443314,41443330,7.9968,23.5074,0.0004,0.0007,4.531,5.5354,7.2695,0.055,24.9986,0.0,67.9401,,2026-08-13T11:05:56
D3,B,python,0,20260801,d3_000241.bin,.bin,high,none,46942223,46942223,46942239,7.9975,25.1008,0.0004,0.0005,4.5433,5.5406,7.7139,0.0499,28.2531,0.0,73.2855,,2026-08-13T11:05:56
D3,B,python,0,20260801,d3_000242.bin,.bin,high,none,66524214,66524214,66524230,7.9976,38.0013,0.0003,0.0009,4.5049,5.5067,7.3102,0.05,39.2583,0.0,96.6714,,2026-08-13T11:05:56
D3,B,python,0,20260801,d3_000243.bin,.bin,high,none,52861439,52861439,52861455,7.9968,29.4073,0.0005,0.0015,4.6725,6.5921,7.6831,0.0493,31.7553,0.0,82.2346,,2026-08-13T11:05:56
D3,B,python,0,20260801,d3_000244.bin,.bin,high,none,51986951,51986951,51986967,7.9973,29.1721,0.0003,0.0008,4.5295,5.551,7.2638,0.0512,32.2502,0.0,80.8691,,2026-08-13T11:05:56
D3,B,python,0,20260801,d3_000245.bin,.bin,high,none,42599704,42599704,42599720,7.9969,23.2863,0.0007,0.0005,4.526,5.6156,7.2978,0.0504,25.8652,0.0,68.7333,,2026-08-13T11:05:56
D3,B,python,0,20260801,d3_000246.bin,.bin,high,none,77521884,77521884,77521900,7.9973,45.6196,0.0003,0.0006,4.654,5.7666,9.7189,0.0637,55.5856,0.0,124.4434,,2026-08-13T11:05:56
D3,B,python,0,20260801,d3_000247.bin,.bin,high,none,84021228,84021228,84021244,7.9974,49.91,0.0008,0.0008,4.6797,5.6769,7.4048,0.0512,49.619,0.0,119.4292,,2026-08-13T11:05:56
D3,B,python,0,20260801,d3_000248.bin,.bin,high,none,66660381,66660381,66660397,7.997,38.4425,0.0004,0.0008,4.7752,5.6252,7.437,0.0603,40.1703,0.0,98.8082,,2026-08-13T11:05:56
D3,B,python,0,20260801,d3_000249.bin,.bin,high,none,63133520,63133520,63133536,7.9969,36.1718,0.0007,0.001,7.0031,7.808,7.3185,0.0533,39.1872,0.0,99.6771,,2026-08-13T11:05:56
D3,B,python,0,20260801,d3_000250.bin,.bin,high,none,71808545,71808545,71808561,7.997,40.0452,0.0005,0.0006,4.6011,5.7912,7.4793,0.0544,45.7459,0.0,105.8041,,2026-08-13T11:05:56
D3,B,python,0,20260801,d3_000251.bin,.bin,high,none,68533408,68533408,68533424,7.997,36.2543,0.0006,0.0006,4.5458,5.6889,7.6787,0.0538,40.6782,0.0,97.0047,,2026-08-13T11:05:56
D3,B,python,0,20260801,d3_000252.bin,.bin,high,none,26584306,26584306,26584322,7.9972,14.3585,0.0005,0.0008,4.6062,5.5462,7.3389,0.0524,7.4178,0.0,41.4196,,2026-08-13T11:05:56
D3,B,python,0,20260801,d3_000253.bin,.bin,high,none,28594858,28594858,28594874,7.9968,15.6521,0.0004,0.0005,4.5613,5.579,7.2728,0.0601,7.9133,0.0,43.0976,,2026-08-13T11:05:56
D3,B,python,0,20260801,d3_000254.bin,.bin,high,none,72155316,72155316,72155332,7.997,41.5152,0.0004,0.0006,4.5296,5.7007,7.3233,0.0513,42.7683,0.0,103.9816,,2026-08-13T11:05:56
D3,B,python,0,20260801,d3_000255.bin,.bin,high,none,45108039,45108039,45108055,7.9972,24.4431,0.0004,0.0008,4.5344,5.5951,7.3077,0.054,27.3433,0.0,71.3448,,2026-08-13T11:05:56
D3,B,python,0,20260801,d3_000256.bin,.bin,high,none,46779385,46779385,46779401,7.9971,24.4944,0.0003,0.0006,4.5383,5.5748,7.2585,0.0523,29.1304,0.0,73.1403,,2026-08-13T11:05:56
D3,B,python,0,20260801,d3_000257.bin,.bin,high,none,61876224,61876224,61876240,7.997,36.8938,0.0005,0.0006,5.2903,8.4749,13.5512,0.0645,49.5397,0.0,117.563,,2026-08-13T11:05:56
D3,B,python,0,20260801,d3_000258.bin,.bin,high,none,45381734,45381734,45381750,7.997,25.2624,0.0005,0.0005,4.5754,5.5904,7.358,0.0543,27.3368,0.0,72.239,,2026-08-13T11:05:56
D3,B,python,0,20260801,d3_000259.bin,.bin,high,none,71437230,71437230,71437246,7.9973,44.7839,0.0003,0.0006,4.5856,5.5172,7.2478,0.0557,44.6303,0.0,108.8781,,2026-08-13T11:05:56
D3,B,python,0,20260801,d3_000260.bin,.bin,high,none,74327318,74327318,74327334,7.9972,46.2347,0.0006,0.0006,4.556,5.5621,7.2572,0.0539,44.1437,0.0,109.8989,,2026-08-13T11:05:56
D3,B,python,0,20260801,d3_000261.bin,.bin,high,none,22728679,22728679,22728695,7.9972,12.9581,0.0008,0.0005,4.5229,5.5646,7.2676,0.0532,5.9862,0.0,38.4268,,2026-08-13T11:05:56
D3,B,python,0,20260801,d3_000262.bin,.bin,high,none,27673505,27673505,27673521,7.9973,15.1527,0.0006,0.0006,4.559,5.5726,7.3151,0.0532,8.7345,0.0,43.4589,,2026-08-13T11:05:56
D3,B,python,0,20260801,d3_000263.bin,.bin,high,none,82086866,82086866,82086882,7.9974,45.0067,0.0007,0.0006,4.5376,5.5482,7.2861,0.0491,49.4646,0.0,119.4157,,2026-08-13T11:05:56
D3,B,python,0,20260801,d3_000264.bin,.bin,high,none,50084064,50084064,50084080,7.9975,27.264,0.0004,0.0005,4.5547,5.524,7.2304,0.0509,29.8878,0.0,76.5656,,2026-08-13T11:05:56
D3,B,python,0,20260801,d3_000265.bin,.bin,high,none,40663529,40663529,40663545,7.9972,21.7561,0.0061,0.0007,4.5505,5.534,7.2384,0.0497,24.2269,0.0,65.4154,,2026-08-13T11:05:56
D3,B,python,0,20260801,d3_000266.bin,.bin,high,none,59630696,59630696,59630712,7.997,32.3177,0.0004,0.0006,4.5201,5.539,7.2331,0.051,35.7134,0.0,87.3965,,2026-08-13T11:05:56
D3,B,python,0,20260801,d3_000267.bin,.bin,high,none,22851992,22851992,22852008,7.9968,12.0854,0.0004,0.0005,4.5359,5.5764,7.2378,0.0556,6.1211,0.0,37.6786,,2026-08-13T11:05:56
D3,B,python,0,20260801,d3_000268.bin,.bin,high,none,75022176,75022176,75022192,7.9973,43.2443,0.0005,0.0008,4.5883,5.5362,7.2524,0.0523,44.5885,0.0,107.3639,,2026-08-13T11:05:56
D3,B,python,0,20260801,d3_000269.bin,.bin,high,none,24666552,24666552,24666568,7.9975,13.6852,0.0004,0.0005,4.5523,5.5949,7.2837,0.0524,6.9446,0.0,40.1789,,2026-08-13T11:05:56
D3,B,python,0,20260801,d3_000270.bin,.bin,high,none,24615945,24615945,24615961,7.9967,14.1124,0.0004,0.0008,4.5333,5.5199,7.6176,0.0494,7.1604,0.0,41.0834,,2026-08-13T11:05:56
D3,B,python,0,20260801,d3_000271.bin,.bin,high,none,24832041,24832041,24832057,7.9974,14.0764,0.0004,0.0009,4.551,5.6071,7.3446,0.0569,6.9691,0.0,40.7145,,2026-08-13T11:05:56
D3,B,python,0,20260801,d3_000272.bin,.bin,high,none,79996369,79996369,79996385,7.9971,47.4925,0.0004,0.0008,4.6899,5.629,7.3774,0.0542,48.4811,0.0,115.8561,,2026-08-13T11:05:56
D3,B,python,0,20260801,d3_000273.bin,.bin,high,none,59274371,59274371,59274387,7.997,32.8103,0.0004,0.0009,4.6287,5.6228,7.3926,0.0567,38.7198,0.0,91.3755,,2026-08-13T11:05:56
D3,B,python,0,20260801,d3_000274.bin,.bin,high,none,26043545,26043545,26043561,7.9976,14.7049,0.0006,0.0007,4.6433,5.6004,7.3451,0.0563,7.8339,0.0,42.2658,,2026-08-13T11:05:56
D3,B,python,0,20260801,d3_000275.bin,.bin,high,none,56388571,56388571,56388587,7.9973,30.5941,0.0004,0.0006,4.5979,5.6071,7.4785,0.0545,34.7112,0.0,85.1456,,2026-08-13T11:05:56
D3,B,python,0,20260801,d3_000276.bin,.bin,high,none,34979426,34979426,34979442,7.9975,19.0852,0.0004,0.0005,4.6557,5.6712,7.382,0.0535,21.4928,0.0,60.4391,,2026-08-13T11:05:56
D3,B,python,0,20260801,d3_000277.bin,.bin,high,none,44258505,44258505,44258521,7.9977,25.1132,0.0004,0.0004,4.564,5.604,7.2856,0.0531,28.8595,0.0,73.5913,,2026-08-13T11:05:56
D3,B,python,0,20260801,d3_000278.bin,.bin,high,none,25230186,25230186,25230202,7.997,13.9773,0.0005,0.0007,4.6013,6.545,7.3355,0.0528,7.0664,0.0,41.6427,,2026-08-13T11:05:56
D3,B,python,0,20260801,d3_000279.bin,.bin,high,none,52574814,52574814,52574830,7.9973,29.4608,0.0008,0.0004,4.7018,5.7935,7.5305,0.0583,33.4218,0.0,83.0581,,2026-08-13T11:05:56
D3,B,python,0,20260801,d3_000280.bin,.bin,high,none,30974285,30974285,30974301,7.9971,17.5453,0.0004,0.0005,4.6285,5.7382,7.5541,0.055,9.7003,0.0,47.3288,,2026-08-13T11:05:56
D3,B,python,0,20260801,d3_000281.bin,.bin,high,none,43683124,43683124,43683140,7.9975,25.0604,0.0004,0.0006,4.6458,5.8119,7.5882,0.0558,28.0021,0.0,73.2875,,2026-08-13T11:05:56
D3,B,python,0,20260801,d3_000282.bin,.bin,high,none,55755916,55755916,55755932,7.9975,31.4526,0.0004,0.0007,4.7393,5.8623,7.4564,0.0581,34.9402,0.0,86.865,,2026-08-13T11:05:56
D3,B,python,0,20260801,d3_000283.bin,.bin,high,none,28154240,28154240,28154256,7.9969,15.8803,0.0005,0.0008,7.1775,8.9012,12.6344,0.0704,10.5836,0.0,59.312,,2026-08-13T11:05:56
D3,B,python,0,20260801,d3_000284.bin,.bin,high,none,24690836,24690836,24690852,7.9972,15.1911,0.0004,0.0006,4.7996,5.9521,7.3858,0.0553,7.4828,0.0,42.9488,,2026-08-13T11:05:56
D3,B,python,0,20260801,d3_000285.bin,.bin,high,none,52908635,52908635,52908651,7.9972,29.3819,0.0005,0.0006,4.5573,5.6711,7.3133,0.0538,32.2617,0.0,81.34,,2026-08-13T11:05:56
D3,B,python,0,20260801,d3_000286.bin,.bin,high,none,42182295,42182295,42182311,7.9972,23.0647,0.0004,0.0007,4.5021,5.5376,7.2256,0.0525,26.5041,0.0,68.9485,,2026-08-13T11:05:56
D3,B,python,0,20260801,d3_000287.bin,.bin,high,none,52748320,52748320,52748336,7.9966,28.7612,0.0005,0.001,4.4994,5.552,7.2466,0.0537,31.9727,0.0,80.1547,,2026-08-13T11:05:56
D3,B,python,0,20260801,d3_000288.bin,.bin,high,none,57648961,57648961,57648977,7.9974,32.7429,0.0007,0.001,8.4351,10.1982,7.6515,0.0523,35.341,0.0,96.5028,,2026-08-13T11:05:56
D3,B,python,0,20260801,d3_000289.bin,.bin,high,none,32012074,32012074,32012090,7.997,17.8095,0.0004,0.0008,4.5851,5.6013,7.615,0.0618,9.5822,0.0,47.3743,,2026-08-13T11:05:56
D3,B,python,0,20260801,d3_000290.bin,.bin,high,none,18903507,18903507,18903523,7.9972,10.3746,0.0004,0.0009,4.6034,6.5824,7.2838,0.0515,5.0958,0.0,36.0888,,2026-08-13T11:05:56
D3,B,python,0,20260801,d3_000291.bin,.bin,high,none,54921842,54921842,54921858,7.997,30.0568,0.0006,0.0005,4.626,5.6111,7.7277,0.0623,33.8561,0.0,84.3338,,2026-08-13T11:05:56
D3,B,python,0,20260801,d3_000292.bin,.bin,high,none,35924572,35924572,35924588,7.9977,20.5241,0.0006,0.0005,4.6128,6.1963,7.2896,0.0529,21.9371,0.0,62.7041,,2026-08-13T11:05:56
D3,B,python,0,20260801,d3_000293.bin,.bin,high,none,70226583,70226583,70226599,7.9973,41.7036,0.0007,0.0005,4.5362,5.5683,7.936,0.0514,41.8405,0.0,103.733,,2026-08-13T11:05:56
D3,B,python,0,20260801,d3_000294.bin,.bin,high,none,59186451,59186451,59186467,7.9971,31.7817,0.0004,0.0005,4.5408,5.6287,7.9608,0.0506,36.185,0.0,88.1988,,2026-08-13T11:05:56
D3,B,python,0,20260801,d3_000295.bin,.bin,high,none,68991529,68991529,68991545,7.9973,38.3957,0.0004,0.0005,4.5345,5.5305,7.9631,0.0548,41.2177,0.0,99.7869,,2026-08-13T11:05:56
D3,B,python,0,20260801,d3_000296.bin,.bin,high,none,32357761,32357761,32357777,7.9978,17.6513,0.0004,0.0005,4.5546,5.5735,7.277,0.0539,9.3528,0.0,47.14,,2026-08-13T11:05:56
D3,B,python,0,20260801,d3_000297.bin,.bin,high,none,81336864,81336864,81336880,7.9971,45.9677,0.0004,0.0007,4.6268,5.6416,7.911,0.0602,48.8324,0.0,115.1733,,2026-08-13T11:05:56
D3,B,python,0,20260801,d3_000298.bin,.bin,high,none,60603823,60603823,60603839,7.9976,33.4725,0.0003,0.0006,4.5288,6.1952,7.244,0.0512,36.517,0.0,90.0886,,2026-08-13T11:05:56
D3,B,python,0,20260801,d3_000299.bin,.bin,high,none,33730612,33730612,33730628,7.9972,18.8222,0.0004,0.0009,4.5345,5.5344,7.3242,0.063,20.488,19.8359,81.5023,ok,2026-08-13T11:05:56
D3,B,python,0,20260801,d3_000300.bin,.bin,high,none,67504508,67504508,67504524,7.9975,39.2016,0.0004,0.0006,4.489,5.5398,8.8506,0.0505,39.9825,0.0,100.1715,,2026-08-13T11:05:56
D3,B,python,0,20260801,d3_000301.bin,.bin,high,none,29630313,29630313,29630329,7.9971,16.5355,0.0004,0.0008,4.893,5.4934,7.2506,0.0503,7.9755,0.0,44.2501,,2026-08-13T11:05:56
D3,B,python,0,20260801,d3_000302.bin,.bin,high,none,76203260,76203260,76203276,7.9972,41.8339,0.0004,0.0006,4.487,5.5643,7.2226,0.049,45.7286,0.0,106.9543,,2026-08-13T11:05:56
D3,B,python,0,20260801,d3_000303.bin,.bin,high,none,27081994,27081994,27082010,7.997,14.671,0.0006,0.0007,4.5192,6.6297,7.2649,0.0605,7.5987,0.0,42.8437,,2026-08-13T11:05:56
D3,B,python,0,20260801,d3_000304.bin,.bin,high,none,81309861,81309861,81309877,7.9971,45.6134,0.0003,0.0006,4.4991,5.5471,7.2435,0.0532,49.0017,0.0,114.0894,,2026-08-13T11:05:56
D3,B,python,0,20260801,d3_000305.bin,.bin,high,none,19718008,19718008,19718024,7.9972,10.7958,0.0003,0.0005,4.4865,6.2034,7.2978,0.0479,5.1736,0.0,36.0656,,2026-08-13T11:05:56
D3,B,python,0,20260801,d3_000306.bin,.bin,high,none,21781566,21781566,21781582,7.9974,12.4295,0.0004,0.0006,4.5334,5.5521,7.2687,0.0507,6.0323,0.0,37.91,,2026-08-13T11:05:56
D3,B,python,0,20260801,d3_000307.bin,.bin,high,none,28882842,28882842,28882858,7.997,15.932,0.0004,0.0005,4.5519,5.5729,7.7641,0.0533,7.7121,0.0,43.673,,2026-08-13T11:05:56
D3,B,python,0,20260801,d3_000308.bin,.bin,high,none,34515150,34515150,34515166,7.997,19.1658,0.0007,0.0004,4.5299,5.5764,7.2831,0.0469,22.1432,0.0,60.8522,,2026-08-13T11:05:56
D3,B,python,0,20260801,d3_000309.bin,.bin,high,none,52992732,52992732,52992748,7.9971,28.3697,0.0004,0.0004,4.6488,5.599,7.3435,0.0501,31.9435,0.0,80.0353,,2026-08-13T11:05:56
D3,B,python,0,20260801,d3_000310.bin,.bin,high,none,45486279,45486279,45486295,7.997,24.6241,0.0005,0.0005,4.5865,5.6418,7.3747,0.0522,27.5158,0.0,71.8704,,2026-08-13T11:05:56
D3,B,python,0,20260801,d3_000311.bin,.bin,high,none,53721917,53721917,53721933,7.9974,29.5373,0.0003,0.0005,4.5589,5.5409,7.3171,0.0485,32.5384,0.0,81.627,,2026-08-13T11:05:56
D3,B,python,0,20260801,d3_000312.bin,.bin,high,none,54198642,54198642,54198658,7.9969,29.608,0.0004,0.0006,4.5423,5.5237,7.256,0.0514,32.8104,0.0,81.8554,,2026-08-13T11:05:56
D3,B,python,0,20260801,d3_000313.bin,.bin,high,none,70666195,70666195,70666211,7.9977,40.8333,0.0006,0.0008,6.4101,6.8494,7.4844,0.0586,42.1707,0.0,105.913,,2026-08-13T11:05:56
D3,B,python,0,20260801,d3_000314.bin,.bin,high,none,60700694,60700694,60700710,7.9974,33.6346,0.0006,0.0005,4.5264,5.5298,7.2201,0.051,37.055,0.0,90.0711,,2026-08-13T11:05:56
D3,B,python,0,20260801,d3_000315.bin,.bin,high,none,21535104,21535104,21535120,7.9971,12.8459,0.0006,0.0008,6.6619,5.5845,7.239,0.0513,6.0257,0.0,40.4762,,2026-08-13T11:05:56
D3,B,python,0,20260801,d3_000316.bin,.bin,high,none,74984345,74984345,74984361,7.9971,45.5892,0.0005,0.0005,4.4903,5.5268,7.2441,0.0522,44.6287,0.0,109.5916,,2026-08-13T11:05:56
D3,B,python,0,20260801,d3_000317.bin,.bin,high,none,38072630,38072630,38072646,7.9972,20.9548,0.0004,0.0008,4.5164,5.5526,7.3121,0.0582,23.6933,0.0,64.1924,,2026-08-13T11:05:56
D3,B,python,0,20260801,d3_000318.bin,.bin,high,none,52687249,52687249,52687265,7.9965,29.7237,0.0009,0.0004,4.5775,5.5866,7.3278,0.0534,32.1308,0.0,81.488,,2026-08-13T11:05:56
D3,B,python,0,20260801,d3_000319.bin,.bin,high,none,63355843,63355843,63355859,7.9974,35.8232,0.0004,0.0003,4.511,5.5789,7.2505,0.053,38.7022,0.0,94.0169,,2026-08-13T11:05:56
D3,B,python,0,20260801,d3_000320.bin,.bin,high,none,63606886,63606886,63606902,7.9974,34.5034,0.0004,0.0005,4.5166,5.5478,7.2437,0.0551,38.7731,0.0,92.7473,,2026-08-13T11:05:56
D3,B,python,0,20260801,d3_000321.bin,.bin,high,none,32616919,32616919,32616935,7.9975,18.1045,0.0007,0.0004,4.5269,5.6306,7.9144,0.0514,9.1184,0.0,47.4464,,2026-08-13T11:05:56
D3,B,python,0,20260801,d3_000322.bin,.bin,high,none,81674690,81674690,81674706,7.9975,49.0445,0.0003,0.0006,5.0282,5.6173,7.2097,0.0506,49.976,0.0,119.2559,,2026-08-13T11:05:56
D3,B,python,0,20260801,d3_000323.bin,.bin,high,none,34941350,34941350,34941366,7.997,20.0724,0.0007,0.0004,4.5455,5.5956,7.3078,0.0519,20.9687,0.0,60.6096,,2026-08-13T11:05:56
D3,B,python,0,20260801,d3_000324.bin,.bin,high,none,67654087,67654087,67654103,7.9974,40.923,0.0005,0.0008,4.5581,5.5785,7.3137,0.0645,40.2431,0.0,100.7609,,2026-08-13T11:05:56
D3,B,python,0,20260801,d3_000325.bin,.bin,high,none,24607422,24607422,24607438,7.9972,13.8746,0.0005,0.0006,5.1044,5.5747,7.3591,0.0529,6.6697,0.0,40.6962,,2026-08-13T11:05:56
D3,B,python,0,20260801,d3_000326.bin,.bin,high,none,34820904,34820904,34820920,7.9972,19.3926,0.0004,0.0008,4.4816,5.5406,7.2622,0.0512,21.2598,0.0,60.031,,2026-08-13T11:05:56
D3,B,python,0,20260801,d3_000327.bin,.bin,high,none,52017810,52017810,52017826,7.9975,28.4596,0.0006,0.0005,4.5513,5.6015,7.8929,0.0511,31.8469,0.0,80.4423,,2026-08-13T11:05:56
D3,B,python,0,20260801,d3_000328.bin,.bin,high,none,65116771,65116771,65116787,7.9975,35.5152,0.0004,0.0006,4.4756,5.5232,7.2195,0.0523,40.6675,0.0,95.5434,,2026-08-13T11:05:56
D3,B,python,0,20260801,d3_000329.bin,.bin,high,none,51861800,51861800,51861816,7.9971,28.6897,0.0004,0.0007,4.5558,5.6285,7.2559,0.0504,32.3243,0.0,80.7467,,2026-08-13T11:05:56
D3,B,python,0,20260801,d3_000330.bin,.bin,high,none,25059162,25059162,25059178,7.9968,13.766,0.0004,0.0005,4.5182,5.6731,7.2656,0.048,6.8504,0.0,40.17,,2026-08-13T11:05:56
D3,B,python,0,20260801,d3_000331.bin,.bin,high,none,47500183,47500183,47500199,7.9968,25.9524,0.0004,0.0005,4.5034,5.5337,7.1763,0.0493,28.5817,0.0,73.8648,,2026-08-13T11:05:56
D3,B,python,0,20260801,d3_000332.bin,.bin,high,none,69131590,69131590,69131606,7.9968,42.8615,0.0004,0.0009,4.5515,5.5491,7.155,0.0499,40.7437,0.0,102.9846,,2026-08-13T11:05:56
D3,B,python,0,20260801,d3_000333.bin,.bin,high,none,64938656,64938656,64938672,7.9968,34.6825,0.0008,0.0005,4.5071,5.4967,7.2083,0.0539,39.4688,0.0,93.5564,,2026-08-13T11:05:56
D3,B,python,0,20260801,d3_000334.bin,.bin,high,none,70691960,70691960,70691976,7.9972,40.9565,0.0004,0.0006,4.6016,5.4943,7.1959,0.0477,41.6949,0.0,102.0872,,2026-08-13T11:05:56
D3,B,python,0,20260801,d3_000335.bin,.bin,high,none,79790621,79790621,79790637,7.9974,45.5869,0.0003,0.0006,4.4452,5.494,7.268,0.0499,47.1353,0.0,112.031,,2026-08-13T11:05:56
D3,B,python,0,20260801,d3_000336.bin,.bin,high,none,58486729,58486729,58486745,7.9971,31.4952,0.0004,0.0005,4.497,5.5232,7.1981,0.0527,35.27,0.0,86.0998,,2026-08-13T11:05:56
D3,B,python,0,20260801,d3_000337.bin,.bin,high,none,29246390,29246390,29246406,7.9971,16.7703,0.0004,0.0007,4.5629,5.5553,7.298,0.0485,7.731,0.0,44.0352,,2026-08-13T11:05:56
D3,B,python,0,20260801,d3_000338.bin,.bin,high,none,33484376,33484376,33484392,7.9966,18.4921,0.0006,0.0005,4.5478,5.4744,7.2262,0.0513,20.1249,0.0,57.9842,,2026-08-13T11:05:56
D3,B,python,0,20260801,d3_000339.bin,.bin,high,none,53440904,53440904,53440920,7.9976,28.8124,0.0004,0.0005,4.5199,5.4773,7.2578,0.0496,32.217,0.0,80.4238,,2026-08-13T11:05:56
D3,B,python,0,20260801,d3_000340.bin,.bin,high,none,30879268,30879268,30879284,7.9973,16.8462,0.0004,0.0005,4.4717,5.4896,7.2657,0.0482,8.5294,0.0,44.7102,,2026-08-13T11:05:56
D3,B,python,0,20260801,d3_000341.bin,.bin,high,none,79844903,79844903,79844919,7.9972,45.2277,0.0006,0.0006,4.4898,5.5244,7.4489,0.0505,46.8968,0.0,111.6924,,2026-08-13T11:05:56
D3,B,python,0,20260801,d3_000342.bin,.bin,high,none,63759179,63759179,63759195,7.9973,34.7385,0.0004,0.0007,4.6093,5.5394,7.2541,0.0493,38.0453,0.0,92.2762,,2026-08-13T11:05:56
D3,B,python,0,20260801,d3_000343.bin,.bin,high,none,68780725,68780725,68780741,7.9972,43.4087,0.0005,0.0005,4.5334,5.5301,7.2493,0.0496,40.657,0.0,103.5029,,2026-08-13T11:05:56
D3,B,python,0,20260801,d3_000344.bin,.bin,high,none,38049852,38049852,38049868,7.9972,20.8279,0.0006,0.0008,4.4753,5.4869,7.1775,0.0501,22.6755,0.0,62.7201,,2026-08-13T11:05:56
D3,B,python,0,20260801,d3_000345.bin,.bin,high,none,34769077,34769077,34769093,7.9974,18.5297,0.0004,0.0009,4.4736,5.4725,7.1599,0.0509,20.7552,0.0,58.4786,,2026-08-13T11:05:56
D3,B,python,0,20260801,d3_000346.bin,.bin,high,none,38351758,38351758,38351774,7.9974,20.8104,0.0004,0.0008,4.4665,5.517,7.2225,0.0496,23.024,0.0,63.1511,,2026-08-13T11:05:56
D3,B,python,0,20260801,d3_000347.bin,.bin,high,none,33702678,33702678,33702694,7.9972,18.2393,0.0007,0.0008,4.4673,5.4761,7.1562,0.049,20.2103,0.0,57.6411,,2026-08-13T11:05:56
D3,B,python,0,20260801,d3_000348.bin,.bin,high,none,72676648,72676648,72676664,7.9968,42.5873,0.0004,0.0005,4.4601,5.4671,7.1423,0.0502,43.1263,0.0,105.5736,,2026-08-13T11:05:56
D3,B,python,0,20260801,d3_000349.bin,.bin,high,none,49277988,49277988,49278004,7.997,27.0586,0.0004,0.0006,4.492,5.5627,7.1772,0.0546,29.6321,0.0,76.0845,,2026-08-13T11:05:56
D3,B,python,0,20260801,d3_000350.bin,.bin,high,none,62697256,62697256,62697272,7.9971,35.5808,0.0007,0.0006,4.4813,5.5563,7.2606,0.0497,38.7571,0.0,93.8676,,2026-08-13T11:05:56
D3,B,python,0,20260801,d3_000351.bin,.bin,high,none,73709530,73709530,73709546,7.9968,44.7284,0.0004,0.0011,4.4991,5.5676,7.2347,0.0523,43.8503,0.0,108.4465,,2026-08-13T11:05:56
D3,B,python,0,20260801,d3_000352.bin,.bin,high,none,36365909,36365909,36365925,7.9973,19.5032,0.0004,0.0004,4.419,5.4998,7.6482,0.0508,22.5257,0.0,62.5891,,2026-08-13T11:05:56
D3,B,python,0,20260801,d3_000353.bin,.bin,high,none,46384709,46384709,46384725,7.9967,25.6762,0.0004,0.0006,4.4476,5.5204,7.2037,0.0504,27.9355,0.0,72.9202,,2026-08-13T11:05:56
D3,B,python,0,20260801,d3_000354.bin,.bin,high,none,72214575,72214575,72214591,7.9971,42.1131,0.0004,0.0007,4.4792,5.5212,7.1646,0.0532,42.7104,0.0,104.1304,,2026-08-13T11:05:56
D3,B,python,0,20260801,d3_000355.bin,.bin,high,none,62278481,62278481,62278497,7.9973,33.9529,0.0006,0.0006,4.4717,5.5031,7.1834,0.0531,37.4244,0.0,90.6767,,2026-08-13T11:05:56
D3,B,python,0,20260801,d3_000356.bin,.bin,high,none,64608189,64608189,64608205,7.9972,35.8251,0.0004,0.001,4.6279,5.5878,7.1513,0.0495,38.7463,0.0,94.0657,,2026-08-13T11:05:56
D3,B,python,0,20260801,d3_000357.bin,.bin,high,none,63820396,63820396,63820412,7.997,33.6465,0.0004,0.0005,4.4692,5.5156,7.1966,0.0512,38.3026,0.0,91.2734,,2026-08-13T11:05:56
D3,B,python,0,20260801,d3_000358.bin,.bin,high,none,78331307,78331307,78331323,7.9967,42.6895,0.0004,0.001,4.5393,5.5005,7.1641,0.0505,46.2039,0.0,108.2211,,2026-08-13T11:05:56
D3,B,python,0,20260801,d3_000359.bin,.bin,high,none,79723183,79723183,79723199,7.9974,46.8779,0.0004,0.0006,4.4603,5.4885,7.182,0.0521,47.3853,0.0,113.49,,2026-08-13T11:05:56
D3,B,python,0,20260801,d3_000360.bin,.bin,high,none,65228100,65228100,65228116,7.9969,33.7644,0.0004,0.001,4.7133,5.5336,7.3073,0.0503,39.1304,0.0,92.5936,,2026-08-13T11:05:56
D3,B,python,0,20260801,d3_000361.bin,.bin,high,none,54102631,54102631,54102647,7.9974,28.668,0.0004,0.0004,4.4711,5.51,7.2361,0.06,32.9143,0.0,81.0147,,2026-08-13T11:05:56
D3,B,python,0,20260801,d3_000362.bin,.bin,high,none,49724995,49724995,49725011,7.9974,26.7516,0.0007,0.0005,4.4954,5.6091,7.1513,0.0503,30.9092,0.0,77.1433,,2026-08-13T11:05:56
D3,B,python,0,20260801,d3_000363.bin,.bin,high,none,75235563,75235563,75235579,7.997,42.6243,0.0003,0.0005,4.4608,5.5252,7.7755,0.0494,44.5744,0.0,107.5898,,2026-08-13T11:05:56
D3,B,python,0,20260801,d3_000364.bin,.bin,high,none,38897746,38897746,38897762,7.9969,21.3921,0.0004,0.0004,4.4877,5.5171,7.248,0.0534,23.3039,0.0,64.0826,,2026-08-13T11:05:56
D3,B,python,0,20260801,d3_000365.bin,.bin,high,none,73347402,73347402,73347418,7.9972,42.6597,0.0004,0.0007,5.0906,5.5494,7.1757,0.0521,43.3125,0.0,105.9382,,2026-08-13T11:05:56
D3,B,python,0,20260801,d3_000366.bin,.bin,high,none,64036004,64036004,64036020,7.997,35.0838,0.0004,0.0009,4.5039,5.5404,7.2659,0.0529,38.452,0.0,93.3133,,2026-08-13T11:05:56
D3,B,python,0,20260801,d3_000367.bin,.bin,high,none,67141572,67141572,67141588,7.9972,39.8034,0.0007,0.0005,4.443,5.4936,7.2002,0.0495,39.6607,0.0,98.7092,,2026-08-13T11:05:56
D3,B,python,0,20260801,d3_000368.bin,.bin,high,none,30500030,30500030,30500046,7.9974,16.9752,0.0005,0.0008,4.4513,5.4983,8.2828,0.0502,8.3424,0.0,45.6401,,2026-08-13T11:05:56
D3,B,python,0,20260801,d3_000369.bin,.bin,high,none,82038067,82038067,82038083,7.9973,47.8669,0.0004,0.0009,4.5465,5.5099,7.149,0.052,48.589,0.0,115.7769,,2026-08-13T11:05:56
D3,B,python,0,20260801,d3_000370.bin,.bin,high,none,59759377,59759377,59759393,7.9971,33.0667,0.0003,0.0009,4.4845,5.5955,7.2987,0.0564,36.3315,0.0,88.9676,,2026-08-13T11:05:56
D3,B,python,0,20260801,d3_000371.bin,.bin,high,none,25634426,25634426,25634442,7.9972,14.5907,0.0004,0.0008,4.4549,5.6636,7.2137,0.0573,7.0926,0.0,41.1726,,2026-08-13T11:05:56
D3,B,python,0,20260801,d3_000372.bin,.bin,high,none,31956941,31956941,31956957,7.9972,17.6955,0.0004,0.0008,4.4903,5.4948,7.1657,0.0531,8.4813,0.0,45.4391,,2026-08-13T11:05:56
D3,B,python,0,20260801,d3_000373.bin,.bin,high,none,76750337,76750337,76750353,7.9972,40.4117,0.0005,0.0009,5.1363,5.5253,7.1908,0.0592,45.3461,0.0,105.733,,2026-08-13T11:05:56
D3,B,python,0,20260801,d3_000374.bin,.bin,high,none,72434849,72434849,72434865,7.9971,43.145,0.0004,0.0006,5.6919,5.5107,7.243,0.0502,42.8791,0.0,106.5706,,2026-08-13T11:05:56
D3,B,python,0,20260801,d3_000375.bin,.bin,high,none,75986991,75986991,75987007,7.997,46.897,0.0004,0.0006,4.6542,5.6102,7.2792,0.0536,45.2966,0.0,111.8547,,2026-08-13T11:05:56
D3,B,python,0,20260801,d3_000376.bin,.bin,high,none,59540841,59540841,59540857,7.9974,32.6253,0.0005,0.0008,4.5835,5.5719,7.2393,0.0534,40.2158,0.0,94.194,,2026-08-13T11:05:56
D3,B,python,0,20260801,d3_000377.bin,.bin,high,none,76420873,76420873,76420889,7.9976,49.6733,0.0006,0.0005,4.4982,5.491,7.2013,0.0541,46.7688,0.0,115.7484,,2026-08-13T11:05:56
D3,B,python,0,20260801,d3_000378.bin,.bin,high,none,64934216,64934216,64934232,7.9975,35.3402,0.0004,0.0006,4.5068,5.5596,7.1634,0.0533,39.0172,0.0,93.7079,,2026-08-13T11:05:56
D3,B,python,0,20260801,d3_000379.bin,.bin,high,none,68460829,68460829,68460845,7.9968,40.4486,0.0004,0.0009,4.5099,5.5403,7.2243,0.0547,40.5328,0.0,100.3969,,2026-08-13T11:05:56
D3,B,python,0,20260801,d3_000380.bin,.bin,high,none,61046377,61046377,61046393,7.9974,34.3166,0.0004,0.0005,4.5323,5.5321,7.2102,0.0613,36.5956,0.0,90.3684,,2026-08-13T11:05:56
D3,B,python,0,20260801,d3_000381.bin,.bin,high,none,25893445,25893445,25893461,7.9975,15.067,0.0004,0.0005,4.5191,5.5724,7.2228,0.0573,7.6406,0.0,42.1513,,2026-08-13T11:05:56
D3,B,python,0,20260801,d3_000382.bin,.bin,high,none,67690899,67690899,67690915,7.9973,40.1554,0.0003,0.001,4.5189,5.5043,7.2623,0.0539,40.0984,0.0,99.6696,,2026-08-13T11:05:56
D3,B,python,0,20260801,d3_000383.bin,.bin,high,none,36806032,36806032,36806048,7.9976,21.2546,0.0004,0.0006,4.5138,5.547,7.1998,0.0537,22.0987,0.0,62.7514,,2026-08-13T11:05:56
D3,B,python,0,20260801,d3_000384.bin,.bin,high,none,67994789,67994789,67994805,7.9975,41.3373,0.0004,0.0005,4.4987,5.5256,7.1689,0.053,40.2006,0.0,100.8568,,2026-08-13T11:05:56
D3,B,python,0,20260801,d3_000385.bin,.bin,high,none,42479082,42479082,42479098,7.9966,23.6975,0.0004,0.0008,4.5448,5.5384,7.2605,0.0597,25.4981,0.0,68.6783,,2026-08-13T11:05:56
D3,B,python,0,20260801,d3_000386.bin,.bin,high,none,30126118,30126118,30126134,7.9971,16.9704,0.0003,0.0006,4.4939,5.5136,7.1554,0.0521,8.0015,0.0,44.2798,,2026-08-13T11:05:56
D3,B,python,0,20260801,d3_000387.bin,.bin,high,none,31085787,31085787,31085803,7.9971,17.2577,0.0006,0.0006,4.4775,5.4923,7.1554,0.0513,8.4183,0.0,44.932,,2026-08-13T11:05:56
D3,B,python,0,20260801,d3_000388.bin,.bin,high,none,63139642,63139642,63139658,7.9973,34.9813,0.0007,0.0005,4.4556,5.557,7.2264,0.0527,38.2365,0.0,92.5517,,2026-08-13T11:05:56
D3,B,python,0,20260801,d3_000389.bin,.bin,high,none,79484575,79484575,79484591,7.9973,46.0291,0.0003,0.0006,4.487,5.5094,7.1847,0.052,46.8278,0.0,112.1571,,2026-08-13T11:05:56
D3,B,python,0,20260801,d3_000390.bin,.bin,high,none,53576319,53576319,53576335,7.9968,29.0807,0.0008,0.0006,4.5002,5.4764,7.159,0.049,32.0442,0.0,80.4043,,2026-08-13T11:05:56
D3,B,python,0,20260801,d3_000391.bin,.bin,high,none,43803154,43803154,43803170,7.9971,24.3855,0.0004,0.0005,5.5676,5.5256,7.131,0.0494,26.2595,0.0,71.0061,,2026-08-13T11:05:56
D3,B,python,0,20260801,d3_000392.bin,.bin,high,none,32401567,32401567,32401583,7.997,18.3683,0.0006,0.0005,4.4611,5.5049,7.1696,0.0512,8.7934,0.0,46.4147,,2026-08-13T11:05:56
D3,B,python,0,20260801,d3_000393.bin,.bin,high,none,75189671,75189671,75189687,7.9974,45.3999,0.0003,0.001,4.5092,5.5756,7.2223,0.05,44.2844,0.0,109.1548,,2026-08-13T11:05:56
D3,B,python,0,20260801,d3_000394.bin,.bin,high,none,81408799,81408799,81408815,7.9974,48.0195,0.0006,0.0006,4.506,5.566,7.1959,0.0513,48.1498,0.0,115.5602,,2026-08-13T11:05:56
D3,B,python,0,20260801,d3_000395.bin,.bin,high,none,40850730,40850730,40850746,7.997,22.7116,0.0004,0.0005,4.507,5.4992,7.128,0.0506,24.4519,0.0,66.4412,,2026-08-13T11:05:56
D3,B,python,0,20260801,d3_000396.bin,.bin,high,none,50669256,50669256,50669272,7.9975,27.8875,0.0004,0.0006,4.4629,5.5187,7.2835,0.0522,30.3904,0.0,77.6837,,2026-08-13T11:05:56
D3,B,python,0,20260801,d3_000397.bin,.bin,high,none,75681855,75681855,75681871,7.9973,46.7835,0.0004,0.0008,4.4598,5.5825,7.1265,0.0495,44.8969,0.0,110.9529,,2026-08-13T11:05:56
D3,B,python,0,20260801,d3_000398.bin,.bin,high,none,44620791,44620791,44620807,7.9971,25.2372,0.0005,0.0008,4.4988,5.4836,7.2072,0.0539,26.849,0.0,71.4031,,2026-08-13T11:05:56
D3,B,python,0,20260801,d3_000399.bin,.bin,high,none,26143132,26143132,26143148,7.9967,14.2948,0.0004,0.0006,4.4691,5.4858,7.1547,0.0527,7.1257,10.93,54.0235,ok,2026-08-13T11:05:56
D3,B,python,0,20260801,d3_000400.bin,.bin,high,none,72398971,72398971,72398987,7.997,41.6733,0.0003,0.0006,4.5052,5.4694,7.1403,0.0537,42.6887,0.0,103.5763,,2026-08-13T11:05:56
D3,B,python,0,20260801,d3_000401.bin,.bin,high,none,21502687,21502687,21502703,7.997,14.9813,0.0005,0.0006,4.5338,5.482,7.2273,0.0529,12.9761,0.0,47.3458,,2026-08-13T11:05:56
D3,B,python,0,20260801,d3_000402.bin,.bin,high,none,24900175,24900175,24900191,7.9971,14.4456,0.0006,0.0004,4.5028,5.5379,7.1862,0.0549,9.0794,0.0,42.8796,,2026-08-13T11:05:56
D3,B,python,0,20260801,d3_000403.bin,.bin,high,none,19790996,19790996,19791012,7.9977,11.1264,0.0008,0.0005,4.5012,5.5261,7.2318,0.0543,5.3909,0.0,35.9047,,2026-08-13T11:05:56
D3,B,python,0,20260801,d3_000404.bin,.bin,high,none,35507298,35507298,35507314,7.9973,19.3893,0.0004,0.0005,4.6153,5.5465,7.2036,0.0552,21.3977,0.0,60.2673,,2026-08-13T11:05:56
D3,B,python,0,20260801,d3_000405.bin,.bin,high,none,58866662,58866662,58866678,7.9973,31.8754,0.0004,0.0006,4.4892,5.6159,7.3791,0.0507,34.8806,0.0,86.3444,,2026-08-13T11:05:56
D3,B,python,0,20260801,d3_000406.bin,.bin,high,none,70610662,70610662,70610678,7.9973,40.8691,0.0005,0.0007,8.188,10.2496,13.377,0.0654,48.4197,0.0,123.2358,,2026-08-13T11:05:56
D3,B,python,0,20260801,d3_000407.bin,.bin,high,none,49351778,49351778,49351794,7.997,26.7496,0.0007,0.0005,4.7865,5.8256,7.3161,0.0582,29.7481,0.0,76.575,,2026-08-13T11:05:56
D3,B,python,0,20260801,d3_000408.bin,.bin,high,none,74458448,74458448,74458464,7.9976,45.3136,0.0004,0.0008,4.5745,5.7188,7.4373,0.0533,44.509,0.0,109.7097,,2026-08-13T11:05:56
D3,B,python,0,20260801,d3_000409.bin,.bin,high,none,18921476,18921476,18921492,7.9972,10.9422,0.0004,0.0007,4.5756,5.5493,7.2517,0.0556,5.2177,0.0,35.6933,,2026-08-13T11:05:56
D3,B,python,0,20260801,d3_000410.bin,.bin,high,none,82741440,82741440,82741456,7.9972,51.3365,0.0004,0.0004,4.5584,5.6612,7.5701,0.0546,50.5017,0.0,121.8079,,2026-08-13T11:05:56
D3,B,python,0,20260801,d3_000411.bin,.bin,high,none,23595315,23595315,23595331,7.9975,14.1091,0.0004,0.0004,4.6941,5.8144,7.4889,0.0661,6.7297,0.0,41.0116,,2026-08-13T11:05:56
D3,B,python,0,20260801,d3_000412.bin,.bin,high,none,29056773,29056773,29056789,7.9975,17.386,0.0004,0.0005,4.599,5.6664,7.443,0.062,11.1245,0.0,48.4052,,2026-08-13T11:05:56
D3,B,python,0,20260801,d3_000413.bin,.bin,high,none,35006418,35006418,35006434,7.9974,19.6165,0.0004,0.0009,4.6168,5.7274,7.594,0.0566,21.4057,0.0,61.1029,,2026-08-13T11:05:56
D3,B,python,0,20260801,d3_000414.bin,.bin,high,none,37386537,37386537,37386553,7.9972,21.0224,0.0004,0.0007,4.5748,5.8367,7.3534,0.053,23.9307,0.0,64.868,,2026-08-13T11:05:56
D3,B,python,0,20260801,d3_000415.bin,.bin,high,none,72465037,72465037,72465053,7.9972,45.2237,0.0004,0.0008,4.6893,5.9232,7.4732,0.0539,43.5208,0.0,108.9672,,2026-08-13T11:05:56
D3,B,python,0,20260801,d3_000416.bin,.bin,high,none,83391161,83391161,83391177,7.9975,49.3292,0.0004,0.0007,4.576,5.5742,7.5163,0.0551,49.5409,0.0,118.6877,,2026-08-13T11:05:56
D3,B,python,0,20260801,d3_000417.bin,.bin,high,none,39982918,39982918,39982934,7.997,21.8788,0.0004,0.0006,4.6026,6.0276,7.3892,0.0611,24.3929,0.0,66.4655,,2026-08-13T11:05:56
D3,B,python,0,20260801,d3_000418.bin,.bin,high,none,54887765,54887765,54887781,7.9973,29.9811,0.0005,0.0005,4.5116,5.5422,7.4855,0.0506,33.269,0.0,82.9215,,2026-08-13T11:05:56
D3,B,python,0,20260801,d3_000419.bin,.bin,high,none,48737438,48737438,48737454,7.9972,27.3459,0.0004,0.0007,4.6021,5.6471,7.3557,0.0534,29.3529,0.0,76.4863,,2026-08-13T11:05:56
D3,B,python,0,20260801,d3_000420.bin,.bin,high,none,35268178,35268178,35268194,7.9974,19.3682,0.0005,0.0009,4.6972,5.6184,7.2766,0.0542,21.5485,0.0,60.6655,,2026-08-13T11:05:56
D3,B,python,0,20260801,d3_000421.bin,.bin,high,none,64263667,64263667,64263683,7.9967,39.3718,0.0006,0.0007,4.545,5.5537,7.2608,0.0548,38.5627,0.0,97.4913,,2026-08-13T11:05:56
D3,B,python,0,20260801,d3_000422.bin,.bin,high,none,19497598,19497598,19497614,7.997,10.8837,0.0004,0.0005,4.5438,5.6488,7.2208,0.0533,5.2202,0.0,35.6906,,2026-08-13T11:05:56
D3,B,python,0,20260801,d3_000423.bin,.bin,high,none,63833992,63833992,63834008,7.9974,36.4211,0.0003,0.0006,4.4806,5.523,7.2793,0.0546,38.1364,0.0,93.9768,,2026-08-13T11:05:56
D3,B,python,0,20260801,d3_000424.bin,.bin,high,none,33750978,33750978,33750994,7.9972,18.7147,0.0004,0.0005,4.5174,5.6062,7.2888,0.0532,20.4819,0.0,58.7279,,2026-08-13T11:05:56
D3,B,python,0,20260801,d3_000425.bin,.bin,high,none,40473743,40473743,40473759,7.9972,23.6079,0.0005,0.0009,4.5977,5.6502,7.2919,0.0523,24.3992,0.0,67.7179,,2026-08-13T11:05:56
D3,B,python,0,20260801,d3_000426.bin,.bin,high,none,67897031,67897031,67897047,7.9971,40.2375,0.0004,0.0007,4.4697,5.6196,7.4513,0.0504,44.3054,0.0,104.222,,2026-08-13T11:05:56
D3,B,python,0,20260801,d3_000427.bin,.bin,high,none,44107531,44107531,44107547,7.9971,24.0039,0.0004,0.0006,4.5223,5.5585,7.2927,0.0535,26.4805,0.0,70.0464,,2026-08-13T11:05:56
D3,B,python,0,20260801,d3_000428.bin,.bin,high,none,77012505,77012505,77012521,7.997,44.065,0.0004,0.0005,4.5481,5.649,7.8266,0.0613,45.9915,0.0,110.3653,,2026-08-13T11:05:56
D3,B,python,0,20260801,d3_000429.bin,.bin,high,none,84485230,84485230,84485246,7.997,51.4436,0.0004,0.0006,4.6313,5.6863,7.4889,0.0514,50.5571,0.0,121.9541,,2026-08-13T11:05:56
D3,B,python,0,20260801,d3_000430.bin,.bin,high,none,58303706,58303706,58303722,7.9973,33.761,0.0004,0.0006,4.4863,5.5602,7.3139,0.053,34.7017,0.0,87.9829,,2026-08-13T11:05:56
D3,B,python,0,20260801,d3_000431.bin,.bin,high,none,24311729,24311729,24311745,7.9972,13.5411,0.0004,0.0009,4.5818,5.5706,7.2858,0.0617,6.6892,0.0,39.8122,,2026-08-13T11:05:56
D3,B,python,0,20260801,d3_000432.bin,.bin,high,none,55101795,55101795,55101811,7.997,30.4606,0.0003,0.0008,4.6642,5.6664,7.4494,0.0627,33.2092,0.0,83.5942,,2026-08-13T11:05:56
D3,B,python,0,20260801,d3_000433.bin,.bin,high,none,21298648,21298648,21298664,7.9973,12.3117,0.0009,0.0006,4.8349,5.7026,7.5104,0.0547,5.9579,0.0,38.9895,,2026-08-13T11:05:56
D3,B,python,0,20260801,d3_000434.bin,.bin,high,none,65125246,65125246,65125262,7.9974,38.7684,0.0004,0.0008,5.8673,5.7163,7.3332,0.0611,40.1411,0.0,100.3356,,2026-08-13T11:05:56
D3,B,python,0,20260801,d3_000435.bin,.bin,high,none,76107945,76107945,76107961,7.9972,49.5864,0.0008,0.0008,6.4249,5.7984,7.3414,0.0509,45.4387,0.0,116.7163,,2026-08-13T11:05:56
D3,B,python,0,20260801,d3_000436.bin,.bin,high,none,39960708,39960708,39960724,7.9974,22.8887,0.0008,0.0009,8.067,9.4334,12.6249,0.0507,24.1658,0.0,79.2931,,2026-08-13T11:05:56
D3,B,python,0,20260801,d3_000437.bin,.bin,high,none,54125170,54125170,54125186,7.997,30.0427,0.0005,0.0009,4.574,5.5875,7.3115,0.0567,32.823,0.0,82.4623,,2026-08-13T11:05:56
D3,B,python,0,20260801,d3_000438.bin,.bin,high,none,36912810,36912810,36912826,7.997,21.2185,0.0005,0.0006,4.6092,5.583,7.2191,0.0554,22.4876,0.0,63.2284,,2026-08-13T11:05:56
D3,B,python,0,20260801,d3_000439.bin,.bin,high,none,43684159,43684159,43684175,7.9975,24.182,0.0004,0.0006,4.5133,5.5859,7.2659,0.0562,26.6484,0.0,70.3259,,2026-08-13T11:05:56
D3,B,python,0,20260801,d3_000440.bin,.bin,high,none,36311664,36311664,36311680,7.9968,20.4226,0.0004,0.0009,4.5977,5.6846,7.4476,0.0516,22.0601,0.0,62.3853,,2026-08-13T11:05:56
D3,B,python,0,20260801,d3_000441.bin,.bin,high,none,84339813,84339813,84339829,7.9964,49.5392,0.0004,0.0007,4.5677,5.6615,7.3875,0.0616,50.7853,0.0,120.1236,,2026-08-13T11:05:56
D3,B,python,0,20260801,d3_000442.bin,.bin,high,none,68134159,68134159,68134175,7.997,40.2231,0.0004,0.0006,4.5616,5.6817,7.3927,0.0524,40.5492,0.0,100.6255,,2026-08-13T11:05:56
D3,B,python,0,20260801,d3_000443.bin,.bin,high,none,27135793,27135793,27135809,7.9971,15.5491,0.0005,0.0008,4.5579,5.6515,7.3856,0.0532,7.4995,0.0,42.901,,2026-08-13T11:05:56
D3,B,python,0,20260801,d3_000444.bin,.bin,high,none,54730227,54730227,54730243,7.9968,30.2349,0.0006,0.0006,4.6135,5.6656,7.3859,0.0529,33.047,0.0,83.1303,,2026-08-13T11:05:56
D3,B,python,0,20260801,d3_000445.bin,.bin,high,none,67183694,67183694,67183710,7.9975,40.3321,0.0007,0.0006,4.5567,5.6535,7.3852,0.0543,40.0868,0.0,100.1546,,2026-08-13T11:05:56
D3,B,python,0,20260801,d3_000446.bin,.bin,high,none,77007991,77007991,77008007,7.9969,47.2673,0.0004,0.0006,4.603,5.6459,7.3677,0.053,47.263,0.0,114.3755,,2026-08-13T11:05:56
D3,B,python,0,20260801,d3_000447.bin,.bin,high,none,81779553,81779553,81779569,7.9973,48.5045,0.0004,0.0006,4.6221,5.6804,7.4043,0.0519,48.8718,0.0,117.2192,,2026-08-13T11:05:56
D3,B,python,0,20260801,d3_000448.bin,.bin,high,none,55420965,55420965,55420981,7.9974,31.3338,0.0004,0.0006,4.576,5.6431,7.3631,0.0526,33.511,0.0,84.5901,,2026-08-13T11:05:56
D3,B,python,0,20260801,d3_000449.bin,.bin,high,none,54597368,54597368,54597384,7.9969,30.4768,0.0004,0.0005,4.5883,5.6738,7.4537,0.0556,33.2063,0.0,83.5381,,2026-08-13T11:05:56
D3,B,python,0,20260801,d3_000450.bin,.bin,high,none,78080437,78080437,78080453,7.997,44.7034,0.0008,0.0006,4.5836,5.6622,7.5062,0.052,46.7113,0.0,111.3306,,2026-08-13T11:05:56
D3,B,python,0,20260801,d3_000451.bin,.bin,high,none,24917884,24917884,24917900,7.9971,13.5437,0.0004,0.0005,4.6001,5.6586,7.3754,0.057,6.8147,0.0,40.1332,,2026-08-13T11:05:56
D3,B,python,0,20260801,d3_000452.bin,.bin,high,none,78671525,78671525,78671541,7.9973,46.224,0.0004,0.0006,4.5944,6.7934,7.3951,0.0539,46.809,0.0,113.9751,,2026-08-13T11:05:56
D3,B,python,0,20260801,d3_000453.bin,.bin,high,none,30369777,30369777,30369793,7.9973,16.9409,0.0003,0.0005,4.6138,5.6973,7.4528,0.0537,9.2143,0.0,46.061,,2026-08-13T11:05:56
D3,B,python,0,20260801,d3_000454.bin,.bin,high,none,59422914,59422914,59422930,7.997,32.6908,0.0005,0.0006,4.5862,5.6892,7.4089,0.054,35.7453,0.0,88.2654,,2026-08-13T11:05:56
D3,B,python,0,20260801,d3_000455.bin,.bin,high,none,36411794,36411794,36411810,7.9975,20.1977,0.0004,0.0008,4.5968,5.6451,7.3764,0.0514,22.1212,0.0,62.0586,,2026-08-13T11:05:56
D3,B,python,0,20260801,d3_000456.bin,.bin,high,none,48665824,48665824,48665840,7.9975,27.4417,0.0004,0.0004,4.5578,5.6693,7.3837,0.0522,29.4668,0.0,76.6583,,2026-08-13T11:05:56
D3,B,python,0,20260801,d3_000457.bin,.bin,high,none,76105091,76105091,76105107,7.9969,45.3458,0.0004,0.0006,4.5876,5.7009,7.4053,0.0525,44.9745,0.0,110.1683,,2026-08-13T11:05:56
D3,B,python,0,20260801,d3_000458.bin,.bin,high,none,35343308,35343308,35343324,7.9974,19.8056,0.0004,0.0009,4.5878,5.6667,7.3988,0.0519,21.2491,0.0,60.8534,,2026-08-13T11:05:56
D3,B,python,0,20260801,d3_000459.bin,.bin,high,none,65822914,65822914,65822930,7.9974,42.5848,0.0006,0.0006,4.5654,5.6731,7.3538,0.0519,39.2876,0.0,101.5858,,2026-08-13T11:05:56
D3,B,python,0,20260801,d3_000460.bin,.bin,high,none,21173337,21173337,21173353,7.9978,13.1088,0.0004,0.0006,4.593,5.6554,7.4386,0.0534,5.9827,0.0,38.9277,,2026-08-13T11:05:56
D3,B,python,0,20260801,d3_000461.bin,.bin,high,none,54328697,54328697,54328713,7.9975,29.843,0.0005,0.0005,4.6267,5.6778,7.4009,0.0535,32.7477,0.0,82.4606,,2026-08-13T11:05:56
D3,B,python,0,20260801,d3_000462.bin,.bin,high,none,58678172,58678172,58678188,7.9968,31.8777,0.0005,0.0005,4.6607,5.6836,7.4116,0.0519,35.6083,0.0,87.3961,,2026-08-13T11:05:56
D3,B,python,0,20260801,d3_000463.bin,.bin,high,none,76498177,76498177,76498193,7.9975,46.5548,0.0004,0.0004,4.5829,5.6687,7.388,0.0536,45.5408,0.0,111.8902,,2026-08-13T11:05:56
D3,B,python,0,20260801,d3_000464.bin,.bin,high,none,49367871,49367871,49367887,7.9965,27.5566,0.0005,0.0005,4.6338,5.6739,7.4167,0.0565,29.7707,0.0,77.1935,,2026-08-13T11:05:56
D3,B,python,0,20260801,d3_000465.bin,.bin,high,none,76402217,76402217,76402233,7.9974,42.7718,0.0007,0.0006,4.5914,5.6684,9.3744,0.0555,48.3122,0.0,113.0027,,2026-08-13T11:05:56
D3,B,python,0,20260801,d3_000466.bin,.bin,high,none,51604851,51604851,51604867,7.9973,27.8094,0.0004,0.0005,4.5403,5.5648,7.2631,0.0536,31.0618,0.0,78.3391,,2026-08-13T11:05:56
D3,B,python,0,20260801,d3_000467.bin,.bin,high,none,25298656,25298656,25298672,7.9969,13.9066,0.0004,0.0004,4.5156,5.5619,7.2923,0.0689,7.2899,0.0,40.7071,,2026-08-13T11:05:56
D3,B,python,0,20260801,d3_000468.bin,.bin,high,none,43987086,43987086,43987102,7.9972,24.1442,0.0008,0.0005,4.5503,5.5697,7.264,0.0539,26.6181,0.0,70.339,,2026-08-13T11:05:56
D3,B,python,0,20260801,d3_000469.bin,.bin,high,none,62570190,62570190,62570206,7.9971,34.0753,0.0004,0.0006,4.584,5.6669,7.3701,0.0545,37.1308,0.0,90.9652,,2026-08-13T11:05:56
D3,B,python,0,20260801,d3_000470.bin,.bin,high,none,75182192,75182192,75182208,7.9973,41.7718,0.0004,0.0006,4.5978,5.6663,7.3813,0.0515,44.7084,0.0,106.2686,,2026-08-13T11:05:56
D3,B,python,0,20260801,d3_000471.bin,.bin,high,none,64171009,64171009,64171025,7.9972,35.978,0.0004,0.0008,4.5666,5.6505,7.385,0.0631,38.1496,0.0,93.8712,,2026-08-13T11:05:56
D3,B,python,0,20260801,d3_000472.bin,.bin,high,none,28146092,28146092,28146108,7.9972,15.5663,0.0004,0.0006,4.5786,5.6608,7.3497,0.0579,8.683,0.0,43.9975,,2026-08-13T11:05:56
D3,B,python,0,20260801,d3_000473.bin,.bin,high,none,64086179,64086179,64086195,7.9965,35.4421,0.0004,0.0006,4.5782,5.636,7.3486,0.0525,38.0653,0.0,93.2175,,2026-08-13T11:05:56
D3,B,python,0,20260801,d3_000474.bin,.bin,high,none,78789303,78789303,78789319,7.9969,45.028,0.0004,0.0006,4.5705,5.6431,7.3826,0.053,47.173,0.0,111.9288,,2026-08-13T11:05:56
D3,B,python,0,20260801,d3_000475.bin,.bin,high,none,58144382,58144382,58144398,7.9975,32.3666,0.0005,0.0008,4.6307,5.7321,7.4328,0.0566,35.3363,0.0,87.6583,,2026-08-13T11:05:56
D3,B,python,0,20260801,d3_000476.bin,.bin,high,none,23354930,23354930,23354946,7.997,14.194,0.0004,0.0009,4.6427,5.6588,7.3989,0.0535,6.3277,0.0,40.3726,,2026-08-13T11:05:56
D3,B,python,0,20260801,d3_000477.bin,.bin,high,none,48296563,48296563,48296579,7.9971,26.5025,0.0006,0.0006,4.6575,5.8498,7.7608,0.0509,30.6263,0.0,77.5542,,2026-08-13T11:05:56
D3,B,python,0,20260801,d3_000478.bin,.bin,high,none,62384387,62384387,62384403,7.997,36.2174,0.0004,0.001,4.5921,5.6234,7.4356,0.0531,37.2603,0.0,93.2448,,2026-08-13T11:05:56
D3,B,python,0,20260801,d3_000479.bin,.bin,high,none,32723938,32723938,32723954,7.9976,18.4152,0.0005,0.0009,4.6323,5.714,7.4027,0.0534,10.8212,0.0,49.1467,,2026-08-13T11:05:56
D3,B,python,0,20260801,d3_000480.bin,.bin,high,none,28029751,28029751,28029767,7.9971,15.6342,0.0004,0.0004,4.6873,5.7431,7.4138,0.0526,7.8193,0.0,43.4482,,2026-08-13T11:05:56
D3,B,python,0,20260801,d3_000481.bin,.bin,high,none,77650377,77650377,77650393,7.9971,46.6308,0.0004,0.0009,4.6205,5.683,7.3735,0.0541,46.2479,0.0,112.7483,,2026-08-13T11:05:56
D3,B,python,0,20260801,d3_000482.bin,.bin,high,none,19778723,19778723,19778739,7.9968,11.4988,0.0004,0.0005,4.6172,5.6363,7.3895,0.0602,5.376,0.0,36.6802,,2026-08-13T11:05:56
D3,B,python,0,20260801,d3_000483.bin,.bin,high,none,42749792,42749792,42749808,7.997,23.9603,0.0004,0.0007,4.6933,5.6072,7.3026,0.0557,26.0719,0.0,69.7928,,2026-08-13T11:05:56
D3,B,python,0,20260801,d3_000484.bin,.bin,high,none,70188564,70188564,70188580,7.9973,42.7362,0.0005,0.0005,4.7467,5.6953,7.5241,0.0545,42.1491,0.0,105.045,,2026-08-13T11:05:56
D3,B,python,0,20260801,d3_000485.bin,.bin,high,none,75019800,75019800,75019816,7.9977,47.1867,0.0004,0.0006,4.6517,5.656,7.3576,0.0712,44.6658,0.0,111.685,,2026-08-13T11:05:56
D3,B,python,0,20260801,d3_000486.bin,.bin,high,none,54729821,54729821,54729837,7.9973,30.8403,0.0007,0.0005,4.6221,5.626,8.198,0.0591,33.117,0.0,84.5438,,2026-08-13T11:05:56
D3,B,python,0,20260801,d3_000487.bin,.bin,high,none,39293751,39293751,39293767,7.9977,21.4875,0.0004,0.0006,4.6665,5.6017,7.3857,0.0516,23.7308,0.0,65.007,,2026-08-13T11:05:56
D3,B,python,0,20260801,d3_000488.bin,.bin,high,none,34838809,34838809,34838825,7.997,19.0173,0.0006,0.0006,4.5835,5.6007,7.5639,0.0532,21.1084,0.0,60.0173,,2026-08-13T11:05:56
D3,B,python,0,20260801,d3_000489.bin,.bin,high,none,68560938,68560938,68560954,7.9971,40.6653,0.0003,0.0009,4.5954,5.6719,7.2969,0.0512,41.323,0.0,101.8087,,2026-08-13T11:05:56
D3,B,python,0,20260801,d3_000490.bin,.bin,high,none,57493079,57493079,57493095,7.9973,31.1076,0.0004,0.0006,4.6512,6.1911,7.3694,0.0514,35.0033,0.0,86.4334,,2026-08-13T11:05:56
D3,B,python,0,20260801,d3_000491.bin,.bin,high,none,27502273,27502273,27502289,7.9973,15.6255,0.0005,0.0008,7.9793,8.4857,10.0525,0.0637,8.791,0.0,53.9219,,2026-08-13T11:05:56
D3,B,python,0,20260801,d3_000492.bin,.bin,high,none,49510863,49510863,49510879,7.9972,27.6536,0.0004,0.0007,4.7516,6.4399,7.8369,0.0525,30.0366,0.0,78.8583,,2026-08-13T11:05:56
D3,B,python,0,20260801,d3_000493.bin,.bin,high,none,62735256,62735256,62735272,7.9975,33.3792,0.0004,0.0009,4.6263,5.6635,7.3626,0.0525,38.9068,0.0,92.0567,,2026-08-13T11:05:56
D3,B,python,0,20260801,d3_000494.bin,.bin,high,none,76351856,76351856,76351872,7.9972,44.0674,0.0003,0.0006,4.5889,5.6539,7.3658,0.0512,45.1141,0.0,108.9625,,2026-08-13T11:05:56
D3,B,python,0,20260801,d3_000495.bin,.bin,high,none,21330377,21330377,21330393,7.9972,12.1488,0.0006,0.0004,4.5871,5.6818,7.386,0.0575,5.704,0.0,37.6583,,2026-08-13T11:05:56
D3,B,python,0,20260801,d3_000496.bin,.bin,high,none,40572178,40572178,40572194,7.9972,22.496,0.0003,0.0009,4.5909,5.6708,7.3544,0.0568,24.3087,0.0,66.5596,,2026-08-13T11:05:56
D3,B,python,0,20260801,d3_000497.bin,.bin,high,none,54676942,54676942,54676958,7.9974,28.923,0.0003,0.0005,4.5919,5.6796,7.3511,0.0531,32.8583,0.0,81.5622,,2026-08-13T11:05:56
D3,B,python,0,20260801,d3_000498.bin,.bin,high,none,53818877,53818877,53818893,7.9972,28.7054,0.0006,0.0005,4.5594,5.6412,7.3552,0.0506,32.462,0.0,80.8777,,2026-08-13T11:05:56
D3,B,python,0,20260801,d3_000499.bin,.bin,high,none,70367030,70367030,70367046,7.9974,43.255,0.0009,0.0004,4.6217,5.643,7.3936,0.054,41.785,41.2167,152.5592,ok,2026-08-13T11:05:56
D3,B,python,0,20260801,d3_000500.bin,.bin,high,none,71914183,71914183,71914199,7.997,42.4924,0.0006,0.0006,4.5304,5.5736,7.2533,0.0535,42.7309,0.0,104.7222,,2026-08-13T11:05:56
D3,B,python,0,20260801,d3_000501.bin,.bin,high,none,77698676,77698676,77698692,7.9973,45.4981,0.0004,0.0006,4.6068,5.6888,7.4102,0.0528,46.0521,0.0,111.4339,,2026-08-13T11:05:56
D3,B,python,0,20260801,d3_000502.bin,.bin,high,none,43447923,43447923,43447939,7.9967,23.7911,0.0006,0.0005,4.624,5.6716,7.4098,0.055,26.2351,0.0,69.8784,,2026-08-13T11:05:56
D3,B,python,0,20260801,d3_000503.bin,.bin,high,none,36241516,36241516,36241532,7.9976,20.7923,0.0004,0.0007,4.6024,5.6489,7.4411,0.0544,22.1512,0.0,62.7722,,2026-08-13T11:05:56
D3,B,python,0,20260801,d3_000504.bin,.bin,high,none,26804154,26804154,26804170,7.9975,14.9025,0.0005,0.0005,4.5661,5.6249,7.3417,0.0557,7.2628,0.0,41.845,,2026-08-13T11:05:56
D3,B,python,0,20260801,d3_000505.bin,.bin,high,none,36153715,36153715,36153731,7.9971,20.0528,0.0004,0.0006,4.5158,5.5758,7.277,0.0535,21.8021,0.0,61.3821,,2026-08-13T11:05:56
D3,B,python,0,20260801,d3_000506.bin,.bin,high,none,44403117,44403117,44403133,7.9976,24.4418,0.0004,0.0006,6.1017,7.9473,8.2306,0.0515,27.6306,0.0,76.4661,,2026-08-13T11:05:56
D3,B,python,0,20260801,d3_000507.bin,.bin,high,none,75157943,75157943,75157959,7.9965,44.3588,0.0007,0.0008,6.0185,7.6055,8.2121,0.0515,44.3951,0.0,112.7505,,2026-08-13T11:05:56
D3,B,python,0,20260801,d3_000508.bin,.bin,high,none,53573640,53573640,53573656,7.9971,28.5228,0.0004,0.0008,4.6143,5.6702,7.3271,0.0511,32.0769,0.0,80.3354,,2026-08-13T11:05:56
D3,B,python,0,20260801,d3_000509.bin,.bin,high,none,57001860,57001860,57001876,7.9975,31.6904,0.0004,0.0006,4.5698,5.6197,7.3056,0.0506,34.2504,0.0,85.62,,2026-08-13T11:05:56
D3,B,python,0,20260801,d3_000510.bin,.bin,high,none,20162610,20162610,20162626,7.9975,11.2411,0.0007,0.0006,4.6274,5.5881,7.32,0.0479,5.3052,0.0,36.1995,,2026-08-13T11:05:56
D3,B,python,0,20260801,d3_000511.bin,.bin,high,none,50415739,50415739,50415755,7.9971,28.1698,0.0007,0.0005,4.6109,5.5794,7.3312,0.0502,30.3848,0.0,78.2085,,2026-08-13T11:05:56
D3,B,python,0,20260801,d3_000512.bin,.bin,high,none,78578740,78578740,78578756,7.9972,44.922,0.0006,0.0006,4.587,5.6129,7.3548,0.0531,50.935,0.0,117.1021,,2026-08-13T11:05:56
D3,B,python,0,20260801,d3_000513.bin,.bin,high,none,56527599,56527599,56527615,7.9975,32.4131,0.0004,0.0004,4.5324,5.6509,7.3155,0.0513,33.7682,0.0,85.8111,,2026-08-13T11:05:56
D3,B,python,0,20260801,d3_000514.bin,.bin,high,none,38721433,38721433,38721449,7.9978,21.0885,0.0003,0.0005,4.5608,5.5986,7.3067,0.0513,23.1223,0.0,63.8364,,2026-08-13T11:05:56
D3,B,python,0,20260801,d3_000515.bin,.bin,high,none,20795110,20795110,20795126,7.9973,11.6844,0.0004,0.0007,4.5354,5.5849,7.3099,0.0527,5.9694,0.0,37.2056,,2026-08-13T11:05:56
D3,B,python,0,20260801,d3_000516.bin,.bin,high,none,21585449,21585449,21585465,7.9972,12.0408,0.0004,0.0006,4.5781,5.6586,7.3219,0.0535,5.8163,0.0,37.5633,,2026-08-13T11:05:56
D3,B,python,0,20260801,d3_000517.bin,.bin,high,none,46006135,46006135,46006151,7.9971,25.2254,0.0004,0.0004,4.5697,5.6174,7.3087,0.0501,27.5467,0.0,72.3924,,2026-08-13T11:05:56
D3,B,python,0,20260801,d3_000518.mp4,.mp4,high,none,45426575,45426575,45426591,7.9968,24.9483,0.0004,0.001,4.5582,5.5924,7.2624,0.0516,27.3112,0.0,71.8056,,2026-08-13T11:05:56
D3,B,python,0,20260801,d3_000519.mp4,.mp4,high,none,49768335,49768335,49768351,7.9971,27.4699,0.0004,0.0006,4.6295,5.7151,7.3115,0.0525,29.897,0.0,77.1413,,2026-08-13T11:05:56
D3,B,python,0,20260801,d3_000520.mp4,.mp4,high,none,53911850,53911850,53911866,7.9972,29.1651,0.0007,0.0005,4.5612,5.582,7.2698,0.0506,32.5475,0.0,81.2212,,2026-08-13T11:05:56
D3,B,python,0,20260801,d3_000521.mp4,.mp4,high,none,107000439,107000439,107000455,7.9975,62.2057,0.0004,0.0005,4.5763,5.9433,7.3795,0.0526,63.2827,0.0,145.5479,,2026-08-13T11:05:56
D3,B,python,0,20260801,d3_000522.mp4,.mp4,high,none,82473865,82473865,82473881,7.9972,47.5223,0.0003,0.0005,4.5229,5.6525,7.2815,0.0518,48.379,0.0,115.4904,,2026-08-13T11:05:56
D3,B,python,0,20260801,d3_000523.mp4,.mp4,high,none,68847477,68847477,68847493,7.9978,42.2134,0.0003,0.0005,4.576,5.5887,7.3129,0.0585,40.6341,0.0,102.4798,,2026-08-13T11:05:56
D3,B,python,0,20260801,d3_000524.mp4,.mp4,high,none,47886057,47886057,47886073,7.9968,26.6912,0.0004,0.0007,4.6714,5.9559,7.312,0.049,28.9611,0.0,75.6694,,2026-08-13T11:05:56
D3,B,python,0,20260801,d3_000525.mp4,.mp4,high,none,99751228,99751228,99751244,7.9971,55.5706,0.0003,0.0006,5.4207,5.6295,7.648,0.0506,59.7563,0.0,136.164,,2026-08-13T11:05:56
D3,B,python,0,20260801,d3_000526.mp4,.mp4,high,none,75033399,75033399,75033415,7.997,45.3583,0.0004,0.0096,4.5553,5.63,7.3186,0.0544,44.2072,0.0,109.2334,,2026-08-13T11:05:56
D3,B,python,0,20260801,d3_000527.mp4,.mp4,high,none,47733478,47733478,47733494,7.997,26.529,0.0007,0.0005,4.7,5.6209,7.3293,0.0493,28.5432,0.0,74.8326,,2026-08-13T11:05:56
D3,B,python,0,20260801,d3_000528.mp4,.mp4,high,none,90146548,90146548,90146564,7.9971,50.9069,0.0003,0.0006,4.7117,5.6409,7.397,0.0511,53.1579,0.0,123.9773,,2026-08-13T11:05:56
D3,B,python,0,20260801,d3_000529.mp4,.mp4,high,none,104655900,104655900,104655916,7.9973,63.008,0.0004,0.0008,4.6805,5.6428,7.4661,0.0514,62.2412,0.0,145.1506,,2026-08-13T11:05:56
D3,B,python,0,20260801,d3_000530.mp4,.mp4,high,none,47223119,47223119,47223135,7.9975,26.7152,0.0005,0.0005,4.5854,5.6594,7.5189,0.0529,29.5046,0.0,76.7903,,2026-08-13T11:05:56
D3,B,python,0,20260801,d3_000531.mp4,.mp4,high,none,54079189,54079189,54079205,7.9972,29.6455,0.0004,0.0008,4.607,5.6309,7.297,0.0531,32.5061,0.0,81.8303,,2026-08-13T11:05:56
D3,B,python,0,20260801,d3_000532.mp4,.mp4,high,none,112329279,112329279,112329295,7.9971,65.5824,0.0006,0.0006,4.6384,5.7152,7.4135,0.0602,66.522,0.0,152.0518,,2026-08-13T11:05:56
D3,B,python,0,20260801,d3_000533.mp4,.mp4,high,none,81069012,81069012,81069028,7.9972,48.6691,0.0005,0.0007,4.6268,5.7542,7.3543,0.0521,48.1322,0.0,116.6381,,2026-08-13T11:05:56
D3,B,python,0,20260801,d3_000534.mp4,.mp4,high,none,66808071,66808071,66808087,7.9976,41.8125,0.0004,0.0005,4.592,5.6128,7.2791,0.0501,39.4713,0.0,100.8744,,2026-08-13T11:05:56
D3,B,python,0,20260801,d3_000535.mp4,.mp4,high,none,74433411,74433411,74433427,7.997,44.2203,0.0004,0.0004,4.5861,5.7134,7.3086,0.0525,44.0765,0.0,108.0765,,2026-08-13T11:05:56
D3,B,python,0,20260801,d3_000536.mp4,.mp4,high,none,109633715,109633715,109633731,7.9972,60.3909,0.0003,0.0006,4.5765,5.6024,7.3485,0.0513,64.8441,0.0,144.9063,,2026-08-13T11:05:56
D3,B,python,0,20260801,d3_000537.mp4,.mp4,high,none,47732977,47732977,47732993,7.9969,26.1814,0.0004,0.0005,4.5983,5.6745,7.8514,0.0516,28.4194,0.0,74.8808,,2026-08-13T11:05:56
D3,B,python,0,20260801,d3_000538.mp4,.mp4,high,none,102158553,102158553,102158569,7.9971,59.3115,0.0004,0.0006,4.6426,5.6535,7.3213,0.0517,60.4204,0.0,140.1657,,2026-08-13T11:05:56
D3,B,python,0,20260801,d3_000539.mp4,.mp4,high,none,102977296,102977296,102977312,7.9966,56.7552,0.0004,0.0006,4.5656,5.6261,7.2883,0.0501,61.5021,0.0,137.8579,,2026-08-13T11:05:56
D3,B,python,0,20260801,d3_000540.mp4,.mp4,high,none,86913582,86913582,86913598,7.9975,46.8853,0.0005,0.0007,4.5733,5.6171,7.3492,0.0501,51.1666,0.0,117.76,,2026-08-13T11:05:56
D3,B,python,0,20260801,d3_000541.mp4,.mp4,high,none,32427252,32427252,32427268,7.9971,17.7132,0.0004,0.0004,4.6541,5.6478,7.302,0.0511,8.6566,0.0,46.1123,,2026-08-13T11:05:56
D3,B,python,0,20260801,d3_000542.mp4,.mp4,high,none,70434586,70434586,70434602,7.9973,42.7646,0.0004,0.0008,4.6415,5.6026,7.3013,0.0486,42.1337,0.0,105.2262,,2026-08-13T11:05:56
D3,B,python,0,20260801,d3_000543.mp4,.mp4,high,none,35216012,35216012,35216028,7.9972,18.6584,0.0004,0.0005,4.5636,5.6181,7.3484,0.0491,21.7176,0.0,60.0117,,2026-08-13T11:05:56
D3,B,python,0,20260801,d3_000544.mp4,.mp4,high,none,99841505,99841505,99841521,7.9973,57.9708,0.0004,0.0009,4.54,5.6242,7.3594,0.0495,60.5797,0.0,138.1905,,2026-08-13T11:05:56
D3,B,python,0,20260801,d3_000545.mp4,.mp4,high,none,110634985,110634985,110635001,7.9973,66.287,0.0004,0.0007,4.6214,5.6344,7.3376,0.0502,66.153,0.0,152.2048,,2026-08-13T11:05:56
D3,B,python,0,20260801,d3_000546.mp4,.mp4,high,none,94515164,94515164,94515180,7.9973,55.1148,0.0006,0.0007,4.6265,5.6699,7.4397,0.0501,55.5339,0.0,130.5129,,2026-08-13T11:05:56
D3,B,python,0,20260801,d3_000547.mp4,.mp4,high,none,69395031,69395031,69395047,7.9975,41.161,0.0007,0.0006,4.6463,5.6212,7.66,0.0582,40.7103,0.0,101.9081,,2026-08-13T11:05:56
D3,B,python,0,20260801,d3_000548.mp4,.mp4,high,none,77943794,77943794,77943810,7.9971,47.1843,0.0004,0.001,4.5985,5.6291,7.3437,0.0497,45.7239,0.0,112.8957,,2026-08-13T11:05:56
D3,B,python,0,20260801,d3_000549.mp4,.mp4,high,none,55979858,55979858,55979874,7.9973,29.617,0.0003,0.0006,4.575,5.6299,7.3074,0.05,33.4878,0.0,82.7454,,2026-08-13T11:05:56
D3,B,python,0,20260801,d3_000550.mp4,.mp4,high,none,103879772,103879772,103879788,7.9972,59.3955,0.0004,0.0006,4.5849,5.7113,7.3069,0.053,61.3998,0.0,140.4898,,2026-08-13T11:05:56
D3,B,python,0,20260801,d3_000551.mp4,.mp4,high,none,74591533,74591533,74591549,7.9971,43.7584,0.0004,0.0009,4.5681,5.6222,7.3383,0.0509,44.1191,0.0,107.547,,2026-08-13T11:05:56
D3,B,python,0,20260801,d3_000552.mp4,.mp4,high,none,65813734,65813734,65813750,7.9974,36.5555,0.0003,0.0007,4.6039,5.6246,7.3113,0.0494,39.5874,0.0,95.8422,,2026-08-13T11:05:56
D3,B,python,0,20260801,d3_000553.mp4,.mp4,high,none,28981628,28981628,28981644,7.9969,16.3319,0.0004,0.0007,4.6752,5.6755,7.3469,0.0532,8.1255,0.0,44.3062,,2026-08-13T11:05:56
D3,B,python,0,20260801,d3_000554.mp4,.mp4,high,none,102338622,102338622,102338638,7.9973,58.2748,0.0006,0.0006,4.6031,5.6714,7.3731,0.05,60.5905,0.0,138.6736,,2026-08-13T11:05:56
D3,B,python,0,20260801,d3_000555.mp4,.mp4,high,none,102826007,102826007,102826023,7.9969,64.6507,0.0007,0.0005,4.5771,5.6129,7.3466,0.0502,60.7531,0.0,145.0467,,2026-08-13T11:05:56
D3,B,python,0,20260801,d3_000556.mp4,.mp4,high,none,91157183,91157183,91157199,7.9971,55.3918,0.0006,0.0006,4.6115,5.8927,7.3619,0.0503,53.8838,0.0,129.2332,,2026-08-13T11:05:56
D3,B,python,0,20260801,d3_000557.mp4,.mp4,high,none,55582512,55582512,55582528,7.9974,30.9258,0.0007,0.0007,4.6096,5.6138,7.342,0.0575,33.6496,0.0,84.288,,2026-08-13T11:05:56
D3,B,python,0,20260801,d3_000558.mp4,.mp4,high,none,43573720,43573720,43573736,7.9973,24.2464,0.0004,0.0007,4.6305,5.6304,7.6668,0.0513,27.7228,0.0,71.9942,,2026-08-13T11:05:56
D3,B,python,0,20260801,d3_000559.mp4,.mp4,high,none,61546574,61546574,61546590,7.9971,33.781,0.0004,0.0005,4.6333,5.6542,7.3645,0.0522,37.1063,0.0,90.6868,,2026-08-13T11:05:56
D3,B,python,0,20260801,d3_000560.mp4,.mp4,high,none,81288892,81288892,81288908,7.9972,47.071,0.0007,0.0005,4.6076,5.6124,7.3257,0.0528,48.2704,0.0,115.0025,,2026-08-13T11:05:56
D3,B,python,0,20260801,d3_000561.mp4,.mp4,high,none,65597501,65597501,65597517,7.9973,40.5364,0.0004,0.0009,5.4108,5.6409,7.3681,0.0511,38.9747,0.0,100.037,,2026-08-13T11:05:56
D3,B,python,0,20260801,d3_000562.mp4,.mp4,high,none,93485165,93485165,93485181,7.9973,56.0767,0.0003,0.0006,4.6962,5.6126,7.3578,0.059,55.3204,0.0,131.5096,,2026-08-13T11:05:56
D3,B,python,0,20260801,d3_000563.mp4,.mp4,high,none,48805633,48805633,48805649,7.9973,28.1982,0.0005,0.0004,4.6015,5.5934,7.335,0.0518,29.4024,0.0,77.2839,,2026-08-13T11:05:56
D3,B,python,0,20260801,d3_000564.mp4,.mp4,high,none,59334003,59334003,59334019,7.9974,31.8586,0.0004,0.0009,4.8554,5.6128,7.3137,0.0542,35.6542,0.0,87.4114,,2026-08-13T11:05:56
D3,B,python,0,20260801,d3_000565.mp4,.mp4,high,none,98304546,98304546,98304562,7.9975,55.5431,0.0007,0.0007,4.5786,5.6459,7.3262,0.0524,58.4361,0.0,133.6554,,2026-08-13T11:05:56
D3,B,python,0,20260801,d3_000566.mp4,.mp4,high,none,32738841,32738841,32738857,7.9977,18.6678,0.0008,0.0005,4.6181,5.6689,7.8517,0.0503,9.0364,0.0,48.0519,,2026-08-13T11:05:56
D3,B,python,0,20260801,d3_000567.mp4,.mp4,high,none,82695070,82695070,82695086,7.997,48.7272,0.0004,0.0004,4.702,5.6212,7.3922,0.0514,49.8171,0.0,118.3678,,2026-08-13T11:05:56
D3,B,python,0,20260801,d3_000568.mp4,.mp4,high,none,36512312,36512312,36512328,7.9974,20.8034,0.0005,0.0007,4.682,6.3176,7.4198,0.0506,22.1961,0.0,63.5543,,2026-08-13T11:05:56
D3,B,python,0,20260801,d3_000569.mp4,.mp4,high,none,51015734,51015734,51015750,7.9971,28.4286,0.0004,0.0006,4.6153,5.6092,7.3185,0.0506,31.1097,0.0,79.1814,,2026-08-13T11:05:56
D3,B,python,0,20260801,d3_000570.mp4,.mp4,high,none,107227647,107227647,107227663,7.9972,62.2213,0.0004,0.0006,4.6553,5.6311,7.3603,0.0511,64.297,0.0,146.3362,,2026-08-13T11:05:56
D3,B,python,0,20260801,d3_000571.mp4,.mp4,high,none,106413847,106413847,106413863,7.997,61.4839,0.0004,0.0006,4.7078,5.6634,7.353,0.0512,63.9339,0.0,145.28,,2026-08-13T11:05:56
D3,B,python,0,20260801,d3_000572.mp4,.mp4,high,none,52049371,52049371,52049387,7.9973,29.6203,0.0005,0.0009,7.3123,5.6766,7.3283,0.0547,31.7429,0.0,83.8292,,2026-08-13T11:05:56
D3,B,python,0,20260801,d3_000573.mp4,.mp4,high,none,70661823,70661823,70661839,7.9967,40.6909,0.0004,0.0011,4.6383,5.6916,7.3412,0.051,42.7382,0.0,103.3429,,2026-08-13T11:05:56
D3,B,python,0,20260801,d3_000574.mp4,.mp4,high,none,82646789,82646789,82646805,7.9971,50.9549,0.0004,0.0008,4.631,5.6359,7.3568,0.051,49.1113,0.0,119.828,,2026-08-13T11:05:56
D3,B,python,0,20260801,d3_000575.mp4,.mp4,high,none,58288501,58288501,58288517,7.9974,32.336,0.0004,0.0009,4.6606,5.6321,7.4371,0.0559,36.1048,0.0,88.341,,2026-08-13T11:05:56
D3,B,python,0,20260801,d3_000576.mp4,.mp4,high,none,53133337,53133337,53133353,7.9974,28.5128,0.0004,0.0005,4.6544,5.6367,7.7562,0.0503,32.2088,0.0,80.907,,2026-08-13T11:05:56
D3,B,python,0,20260801,d3_000577.mp4,.mp4,high,none,67204734,67204734,67204750,7.9973,38.9891,0.0004,0.0006,4.6241,5.6345,7.3779,0.0601,46.3601,0.0,106.2249,,2026-08-13T11:05:56
D3,B,python,0,20260801,d3_000578.mp4,.mp4,high,none,59309469,59309469,59309485,7.9975,35.2301,0.0007,0.0005,4.705,5.6347,7.382,0.0531,38.1505,0.0,93.2442,,2026-08-13T11:05:56
D3,B,python,0,20260801,d3_000579.mp4,.mp4,high,none,68900401,68900401,68900417,7.9972,42.6462,0.0007,0.0006,4.622,5.7347,7.3084,0.0523,47.4435,0.0,109.8978,,2026-08-13T11:05:56
D3,B,python,0,20260801,d3_000580.mp4,.mp4,high,none,85726056,85726056,85726072,7.9975,56.9275,0.0004,0.0005,4.6439,5.6467,7.3697,0.0512,56.9552,0.0,133.6382,,2026-08-13T11:05:56
D3,B,python,0,20260801,d3_000581.mp4,.mp4,high,none,92118490,92118490,92118506,7.9973,60.4012,0.0004,0.0006,4.6283,5.6926,7.7918,0.0507,56.448,0.0,137.086,,2026-08-13T11:05:56
D3,B,python,0,20260801,d3_000582.mp4,.mp4,high,none,90067882,90067882,90067898,7.9972,57.5365,0.0004,0.0006,4.6757,5.6765,7.3697,0.0535,59.3811,0.0,136.7448,,2026-08-13T11:05:56
D3,B,python,0,20260801,d3_000583.mp4,.mp4,high,none,71311522,71311522,71311538,7.997,49.5865,0.0004,0.0007,4.5985,5.6988,7.3486,0.0554,44.8121,0.0,114.1713,,2026-08-13T11:05:56
D3,B,python,0,20260801,d3_000584.mp4,.mp4,high,none,106911672,106911672,106911688,7.9973,61.8772,0.0004,0.0005,5.1512,5.9711,7.4421,0.0522,70.8793,0.0,153.4474,,2026-08-13T11:05:56
D3,B,python,0,20260801,d3_000585.mp4,.mp4,high,none,33969377,33969377,33969393,7.997,19.6597,0.0004,0.0006,4.6789,5.6766,7.4876,0.0536,20.9686,0.0,61.0177,,2026-08-13T11:05:56
D3,B,python,0,20260801,d3_000586.mp4,.mp4,high,none,111403625,111403625,111403641,7.9974,67.2305,0.0004,0.0011,8.7246,6.6558,7.4485,0.0562,67.8347,0.0,160.0342,,2026-08-13T11:05:56
D3,B,python,0,20260801,d3_000587.mp4,.mp4,high,none,84558584,84558584,84558600,7.9969,53.6811,0.0004,0.0006,4.584,6.6627,7.3483,0.0554,51.3995,0.0,125.7993,,2026-08-13T11:05:56
D3,B,python,0,20260801,d3_000588.mp4,.mp4,high,none,28879728,28879728,28879744,7.9971,17.0172,0.0003,0.0005,4.66,5.6368,7.3281,0.053,8.0284,0.0,44.8012,,2026-08-13T11:05:56
D3,B,python,0,20260801,d3_000589.mp4,.mp4,high,none,87491599,87491599,87491615,7.9973,50.5265,0.0006,0.0005,4.7769,5.7043,7.3462,0.0544,53.9037,0.0,124.4006,,2026-08-13T11:05:56
D3,B,python,0,20260801,d3_000590.mp4,.mp4,high,none,29410437,29410437,29410453,7.9972,16.4065,0.0005,0.0006,4.6461,5.6419,7.3639,0.0513,8.1633,0.0,44.3446,,2026-08-13T11:05:56
D3,B,python,0,20260801,d3_000591.mp4,.mp4,high,none,51777550,51777550,51777566,7.9971,28.9869,0.0004,0.0007,4.6983,5.7144,7.4089,0.0551,31.6561,0.0,80.5902,,2026-08-13T11:05:56
D3,B,python,0,20260801,d3_000592.mp4,.mp4,high,none,45463550,45463550,45463566,7.9967,25.5685,0.0006,0.0006,4.6096,5.616,7.2932,0.055,27.9002,0.0,73.135,,2026-08-13T11:05:56
D3,B,python,0,20260801,d3_000593.mp4,.mp4,high,none,32137397,32137397,32137413,7.9975,18.4684,0.0004,0.0004,4.7341,5.7998,7.4833,0.0539,9.1003,0.0,47.743,,2026-08-13T11:05:56
D3,B,python,0,20260801,d3_000594.mp4,.mp4,high,none,98282570,98282570,98282586,7.9974,59.6408,0.0004,0.0006,4.7692,5.8303,8.0031,0.0534,63.3085,0.0,143.7578,,2026-08-13T11:05:56
D3,B,python,0,20260801,d3_000595.mp4,.mp4,high,none,98863431,98863431,98863447,7.9972,59.1284,0.0004,0.0009,4.7144,5.8038,7.4825,0.0555,59.6953,0.0,138.9707,,2026-08-13T11:05:56
D3,B,python,0,20260801,d3_000596.mp4,.mp4,high,none,62283067,62283067,62283083,7.9972,34.7116,0.0004,0.0009,5.1071,5.8207,7.6277,0.0539,38.173,0.0,93.5882,,2026-08-13T11:05:56
D3,B,python,0,20260801,d3_000597.mp4,.mp4,high,none,33919431,33919431,33919447,7.997,19.068,0.0008,0.0005,4.6451,5.7,7.3985,0.0514,21.0065,0.0,59.9294,,2026-08-13T11:05:56
D3,B,python,0,20260801,d3_000598.mp4,.mp4,high,none,45662979,45662979,45662995,7.9972,25.1306,0.0004,0.0004,4.783,5.7602,7.4157,0.0535,27.9074,0.0,73.1134,,2026-08-13T11:05:56
D3,B,python,0,20260801,d3_000599.mp4,.mp4,high,none,29949826,29949826,29949842,7.9976,16.3015,0.0007,0.0004,4.6805,5.7218,7.4758,0.0617,8.2498,15.9289,63.3404,ok,2026-08-13T11:05:56
D3,B,python,0,20260801,d3_000600.mp4,.mp4,high,none,47381717,47381717,47381733,7.9967,31.0458,0.0006,0.0006,4.6769,5.74,7.8033,0.0531,28.8435,0.0,80.258,,2026-08-13T11:05:56
D3,B,python,0,20260801,d3_000601.mp4,.mp4,high,none,35406691,35406691,35406707,7.9973,22.8833,0.0004,0.0006,4.7147,6.2887,7.5299,0.052,21.8214,0.0,65.4141,,2026-08-13T11:05:56
D3,B,python,0,20260801,d3_000602.mp4,.mp4,high,none,78407221,78407221,78407237,7.9972,47.4935,0.0004,0.0006,4.6994,5.8607,7.4884,0.0618,48.0733,0.0,115.7391,,2026-08-13T11:05:56
D3,B,python,0,20260801,d3_000603.mp4,.mp4,high,none,66455342,66455342,66455358,7.9973,43.9116,0.0004,0.0011,8.8052,11.0281,9.3337,0.0529,40.0778,0.0,115.3278,,2026-08-13T11:05:56
D3,B,python,0,20260801,d3_000604.mp4,.mp4,high,none,105822451,105822451,105822467,7.9973,64.0449,0.0005,0.0006,4.6184,5.8083,7.4472,0.0529,65.6716,0.0,149.7391,,2026-08-13T11:05:56
D3,B,python,0,20260801,d3_000605.mp4,.mp4,high,none,35213008,35213008,35213024,7.9971,21.1811,0.0004,0.0006,4.6554,5.7803,7.5596,0.0561,21.3716,0.0,62.7347,,2026-08-13T11:05:56
D3,B,python,0,20260801,d3_000606.mp4,.mp4,high,none,109338715,109338715,109338731,7.9972,66.1333,0.0004,0.0007,4.9026,5.8629,7.5472,0.0538,68.4278,0.0,155.0691,,2026-08-13T11:05:56
D3,B,python,0,20260801,d3_000607.mp4,.mp4,high,none,58504384,58504384,58504400,7.9975,36.2064,0.0007,0.0005,4.6964,6.162,7.8849,0.0534,36.1493,0.0,93.2233,,2026-08-13T11:05:56
D3,B,python,0,20260801,d3_000608.mp4,.mp4,high,none,66966693,66966693,66966709,7.9973,40.8915,0.0004,0.0008,4.5962,6.182,7.8909,0.0509,41.0528,0.0,102.7638,,2026-08-13T11:05:56
D3,B,python,0,20260801,d3_000609.mp4,.mp4,high,none,100237726,100237726,100237742,7.9978,65.2325,0.0008,0.0008,8.1634,9.7157,12.3025,0.055,61.709,0.0,159.2893,,2026-08-13T11:05:56
D3,B,python,0,20260801,d3_000610.mp4,.mp4,high,none,66661112,66661112,66661128,7.9969,44.6694,0.0007,0.0005,4.6125,5.7052,7.3973,0.0555,40.1647,0.0,104.682,,2026-08-13T11:05:56
D3,B,python,0,20260801,d3_000611.mp4,.mp4,high,none,86713695,86713695,86713711,7.9967,54.3121,0.0004,0.0007,4.594,5.594,7.2947,0.0521,51.7878,0.0,125.7547,,2026-08-13T11:05:56
D3,B,python,0,20260801,d3_000612.mp4,.mp4,high,none,107130998,107130998,107131014,7.997,58.5934,0.0007,0.0007,4.6,5.6502,7.2896,0.0541,64.0103,0.0,142.3145,,2026-08-13T11:05:56
D3,B,python,0,20260801,d3_000613.mp4,.mp4,high,none,32755619,32755619,32755635,7.9972,20.1926,0.0004,0.0007,4.6024,5.6045,8.2092,0.0507,19.7122,0.0,60.4829,,2026-08-13T11:05:56
D3,B,python,0,20260801,d3_000614.mp4,.mp4,high,none,74699733,74699733,74699749,7.9967,46.3475,0.0005,0.0008,4.5985,5.6002,7.3456,0.0521,44.8112,0.0,110.8443,,2026-08-13T11:05:56
D3,B,python,0,20260801,d3_000615.mp4,.mp4,high,none,77553191,77553191,77553207,7.9972,49.4273,0.0004,0.0008,4.5737,5.5912,7.2758,0.0527,46.3194,0.0,115.357,,2026-08-13T11:05:56
D3,B,python,0,20260801,d3_000616.mp4,.mp4,high,none,34573745,34573745,34573761,7.9977,19.5082,0.0004,0.0007,4.9587,5.7714,7.8734,0.0529,20.9245,0.0,61.1503,,2026-08-13T11:05:56
D3,B,python,0,20260801,d3_000617.mp4,.mp4,high,none,63271448,63271448,63271464,7.9967,34.2625,0.0006,0.0007,4.5718,5.5967,7.2635,0.0518,38.301,0.0,92.1269,,2026-08-13T11:05:56
D3,B,python,0,20260801,d3_000618.mp4,.mp4,high,none,39348202,39348202,39348218,7.9974,21.7657,0.0004,0.0004,4.5658,5.7503,7.3154,0.0511,23.8563,0.0,65.3941,,2026-08-13T11:05:56
D3,B,python,0,20260801,d3_000619.mp4,.mp4,high,none,41796104,41796104,41796120,7.9976,22.8629,0.0004,0.0006,4.6694,6.1948,7.4335,0.0507,26.3459,0.0,69.6451,,2026-08-13T11:05:56
D3,B,python,0,20260801,d3_000620.mp4,.mp4,high,none,97268694,97268694,97268710,7.9973,54.3723,0.0004,0.0007,4.5925,5.7017,7.3254,0.0534,58.3057,0.0,132.4417,,2026-08-13T11:05:56
D3,B,python,0,20260801,d3_000621.mp4,.mp4,high,none,67905558,67905558,67905574,7.9968,41.2693,0.0004,0.0006,4.56,5.5994,7.2688,0.0566,40.1616,0.0,100.9865,,2026-08-13T11:05:56
D3,B,python,0,20260801,d3_000622.mp4,.mp4,high,none,98712011,98712011,98712027,7.9974,57.8361,0.0004,0.001,4.576,5.5764,7.2711,0.0523,59.4655,0.0,136.8424,,2026-08-13T11:05:56
D3,B,python,0,20260801,d3_000623.mp4,.mp4,high,none,99082609,99082609,99082625,7.9974,59.5268,0.0004,0.0007,4.6505,5.6882,7.3683,0.0524,59.4671,0.0,138.8424,,2026-08-13T11:05:56
D3,B,python,0,20260801,d3_000624.mp4,.mp4,high,none,80521207,80521207,80521223,7.9974,47.7706,0.0004,0.0007,4.566,5.5796,7.2578,0.0523,48.1635,0.0,115.4836,,2026-08-13T11:05:56
D3,B,python,0,20260801,d3_000625.mp4,.mp4,high,none,66726102,66726102,66726118,7.997,36.4707,0.0004,0.0006,4.5764,5.6458,7.3871,0.0512,40.2743,0.0,96.4571,,2026-08-13T11:05:56
D3,B,python,0,20260801,d3_000626.mp4,.mp4,high,none,59423560,59423560,59423576,7.9973,32.533,0.0003,0.0009,4.6372,5.5912,7.379,0.0521,35.9779,0.0,88.241,,2026-08-13T11:05:56
D3,B,python,0,20260801,d3_000627.mp4,.mp4,high,none,43465030,43465030,43465046,7.9976,24.4046,0.0003,0.0007,4.6081,5.638,7.3262,0.0513,26.2944,0.0,70.3997,,2026-08-13T11:05:56
D3,B,python,0,20260801,d3_000628.mp4,.mp4,high,none,28954490,28954490,28954506,7.9976,15.84,0.0006,0.0007,4.6345,5.7138,7.3823,0.0536,7.9626,0.0,43.712,,2026-08-13T11:05:56
D3,B,python,0,20260801,d3_000629.mp4,.mp4,high,none,90145497,90145497,90145513,7.9972,50.1026,0.0004,0.0006,4.56,5.5531,7.2636,0.0532,54.3783,0.0,123.9961,,2026-08-13T11:05:56
D3,B,python,0,20260801,d3_000630.mp4,.mp4,high,none,58594711,58594711,58594727,7.9972,32.2851,0.0003,0.001,4.5434,5.5616,7.3518,0.0519,35.501,0.0,87.3679,,2026-08-13T11:05:56
D3,B,python,0,20260801,d3_000631.mp4,.mp4,high,none,59069163,59069163,59069179,7.9973,31.9959,0.0006,0.0004,4.5575,5.5906,7.3399,0.0603,35.9106,0.0,87.541,,2026-08-13T11:05:56
D3,B,python,0,20260801,d3_000632.mp4,.mp4,high,none,38692679,38692679,38692695,7.997,22.7002,0.0004,0.0011,4.5644,5.5971,7.4782,0.0522,23.4391,0.0,65.88,,2026-08-13T11:05:56
D3,B,python,0,20260801,d3_000633.mp4,.mp4,high,none,82617357,82617357,82617373,7.9969,48.9693,0.0004,0.001,4.5931,5.649,7.2816,0.0552,49.9793,0.0,118.6315,,2026-08-13T11:05:56
D3,B,python,0,20260801,d3_000634.mp4,.mp4,high,none,100431033,100431033,100431049,7.9975,60.0547,0.0004,0.0006,4.5561,5.5726,7.28,0.051,61.7203,0.0,141.3795,,2026-08-13T11:05:56
D3,B,python,0,20260801,d3_000635.mp4,.mp4,high,none,83128319,83128319,83128335,7.997,50.4452,0.0005,0.0007,8.5778,9.3135,7.3096,0.0499,50.7569,0.0,128.5182,,2026-08-13T11:05:56
D3,B,python,0,20260801,d3_000636.mp4,.mp4,high,none,105686543,105686543,105686559,7.997,63.7955,0.0004,0.0009,4.6681,5.8447,7.4363,0.0516,63.3295,0.0,147.1885,,2026-08-13T11:05:56
D3,B,python,0,20260801,d3_000637.mp4,.mp4,high,none,53045837,53045837,53045853,7.9974,29.3435,0.0004,0.0004,4.5652,5.5559,7.3766,0.0519,32.2833,0.0,81.2431,,2026-08-13T11:05:56
D3,B,python,0,20260801,d3_000638.mp4,.mp4,high,none,97129532,97129532,97129548,7.9971,54.4735,0.0004,0.0007,4.607,5.7269,7.3205,0.0514,58.1022,0.0,132.3712,,2026-08-13T11:05:56
D3,B,python,0,20260801,d3_000639.mp4,.mp4,high,none,57200056,57200056,57200072,7.9975,30.8279,0.0004,0.0006,4.6894,5.7626,7.7294,0.0502,34.8652,0.0,86.003,,2026-08-13T11:05:56
D3,B,python,0,20260801,d3_000640.mp4,.mp4,high,none,38764092,38764092,38764108,7.9968,21.7017,0.0007,0.0004,4.5409,5.5609,7.311,0.0523,23.6786,0.0,64.9035,,2026-08-13T11:05:56
D3,B,python,0,20260801,d3_000641.mp4,.mp4,high,none,97228618,97228618,97228634,7.9971,58.2833,0.0003,0.0005,4.6702,5.7375,7.469,0.0516,58.2751,0.0,136.6009,,2026-08-13T11:05:56
D3,B,python,0,20260801,d3_000642.mp4,.mp4,high,none,30192798,30192798,30192814,7.9973,16.8888,0.0004,0.0004,4.9358,5.5632,7.3368,0.0524,8.4756,0.0,45.3549,,2026-08-13T11:05:56
D3,B,python,0,20260801,d3_000643.mp4,.mp4,high,none,38104322,38104322,38104338,7.9973,21.4254,0.0005,0.0009,4.5499,5.7024,7.2717,0.0529,22.8501,0.0,63.9256,,2026-08-13T11:05:56
D3,B,python,0,20260801,d3_000644.mp4,.mp4,high,none,55730163,55730163,55730179,7.9974,31.4969,0.0004,0.0009,4.5458,5.5945,7.2634,0.0531,34.1356,0.0,85.168,,2026-08-13T11:05:56
D3,B,python,0,20260801,d3_000645.mp4,.mp4,high,none,49555050,49555050,49555066,7.9977,26.9392,0.0003,0.0006,4.6257,5.7131,7.4054,0.0511,30.1148,0.0,76.9663,,2026-08-13T11:05:56
D3,B,python,0,20260801,d3_000646.mp4,.mp4,high,none,79615308,79615308,79615324,7.997,44.6899,0.0004,0.0006,4.5379,7.1146,7.3828,0.052,47.7094,0.0,113.5806,,2026-08-13T11:05:56
D3,B,python,0,20260801,d3_000647.mp4,.mp4,high,none,90456589,90456589,90456605,7.9973,51.2458,0.0004,0.0009,4.5832,5.6309,7.6809,0.054,54.046,0.0,125.3262,,2026-08-13T11:05:56
D3,B,python,0,20260801,d3_000648.mp4,.mp4,high,none,69415134,69415134,69415150,7.9972,42.1446,0.0004,0.0006,4.5903,5.576,7.3708,0.0503,41.6725,0.0,103.4913,,2026-08-13T11:05:56
D3,B,python,0,20260801,d3_000649.mp4,.mp4,high,none,58770752,58770752,58770768,7.9972,31.5104,0.0004,0.0006,4.8967,5.5724,7.3416,0.0527,35.6084,0.0,87.0748,,2026-08-13T11:05:56
D3,B,python,0,20260801,d3_000650.mp4,.mp4,high,none,59358132,59358132,59358148,7.9971,32.2184,0.0004,0.0006,4.6464,5.6932,7.6826,0.0533,37.6001,0.0,89.9643,,2026-08-13T11:05:56
D3,B,python,0,20260801,d3_000651.mp4,.mp4,high,none,37906371,37906371,37906387,7.9967,20.7379,0.0004,0.0006,4.5321,5.5566,7.3144,0.0503,23.4777,0.0,63.7555,,2026-08-13T11:05:56
D3,B,python,0,20260801,d3_000652.mp4,.mp4,high,none,57514707,57514707,57514723,7.9969,33.1003,0.0005,0.0007,4.6048,5.5836,7.2653,0.0614,34.8188,0.0,87.4907,,2026-08-13T11:05:56
D3,B,python,0,20260801,d3_000653.mp4,.mp4,high,none,107107098,107107098,107107114,7.9968,59.8354,0.0004,0.0006,4.5005,5.5562,7.3403,0.0513,64.4774,0.0,143.8376,,2026-08-13T11:05:56
D3,B,python,0,20260801,d3_000654.mp4,.mp4,high,none,45899563,45899563,45899579,7.9973,26.678,0.0005,0.0006,4.5873,5.5886,7.2541,0.0535,27.8938,0.0,74.0992,,2026-08-13T11:05:56
D3,B,python,0,20260801,d3_000655.mp4,.mp4,high,none,41023071,41023071,41023087,7.9976,22.3583,0.0004,0.0005,4.5249,5.6508,7.2723,0.0522,24.6978,0.0,66.8625,,2026-08-13T11:05:56
D3,B,python,0,20260801,d3_000656.mp4,.mp4,high,none,88407410,88407410,88407426,7.9972,48.8568,0.0005,0.0006,4.5181,5.5014,7.2331,0.0589,54.1823,0.0,122.4409,,2026-08-13T11:05:56
D3,B,python,0,20260801,d3_000657.mp4,.mp4,high,none,89536631,89536631,89536647,7.9969,50.7271,0.0004,0.0006,4.513,5.5667,7.241,0.0522,53.4041,0.0,123.5807,,2026-08-13T11:05:56
D3,B,python,0,20260801,d3_000658.mp4,.mp4,high,none,76152127,76152127,76152143,7.9975,41.9094,0.0003,0.0005,4.5381,5.5534,7.6914,0.0505,45.2189,0.0,107.0192,,2026-08-13T11:05:56
D3,B,python,0,20260801,d3_000659.mp4,.mp4,high,none,89398625,89398625,89398641,7.9975,50.7369,0.0004,0.0006,4.5426,5.5678,7.2272,0.0522,53.0204,0.0,123.1864,,2026-08-13T11:05:56
D3,B,python,0,20260801,d3_000660.mp4,.mp4,high,none,40633578,40633578,40633594,7.9975,22.6936,0.0007,0.0004,4.558,5.5238,7.5837,0.0502,24.7075,0.0,67.1863,,2026-08-13T11:05:56
D3,B,python,0,20260801,d3_000661.mp4,.mp4,high,none,101850765,101850765,101850781,7.9974,62.434,0.0007,0.0005,4.5096,5.817,7.2469,0.0523,60.6342,0.0,142.7606,,2026-08-13T11:05:56
D3,B,python,0,20260801,d3_000662.mp4,.mp4,high,none,56535720,56535720,56535736,7.9969,31.0447,0.0005,0.0009,4.5547,5.6844,7.2803,0.0533,34.2417,0.0,84.9352,,2026-08-13T11:05:56
D3,B,python,0,20260801,d3_000663.mp4,.mp4,high,none,66314688,66314688,66314704,7.9968,37.7832,0.0004,0.0005,4.5139,5.5319,7.2379,0.0567,39.877,0.0,97.0917,,2026-08-13T11:05:56
D3,B,python,0,20260801,d3_000664.mp4,.mp4,high,none,45499962,45499962,45499978,7.9974,25.1041,0.0004,0.0004,4.5579,5.6035,7.3111,0.052,28.0554,0.0,72.7421,,2026-08-13T11:05:56
D3,B,python,0,20260801,d3_000665.mp4,.mp4,high,none,73788270,73788270,73788286,7.9975,44.0437,0.0005,0.0006,4.564,5.5606,7.5725,0.0517,44.5768,0.0,108.4225,,2026-08-13T11:05:56
D3,B,python,0,20260801,d3_000666.mp4,.mp4,high,none,30717201,30717201,30717217,7.9969,18.0374,0.0005,0.0004,4.5943,5.5738,8.9181,0.0519,8.5818,0.0,47.8841,,2026-08-13T11:05:56
D3,B,python,0,20260801,d3_000667.mp4,.mp4,high,none,54089110,54089110,54089126,7.9975,31.231,0.0004,0.0005,4.5117,5.5538,7.4931,0.0534,32.7684,0.0,83.6967,,2026-08-13T11:05:56
D3,B,python,0,20260801,d3_000668.mp4,.mp4,high,none,64100449,64100449,64100465,7.997,35.3894,0.0004,0.0004,4.5354,5.6291,7.3013,0.0621,39.3384,0.0,94.3417,,2026-08-13T11:05:56
D3,B,python,0,20260801,d3_000669.mp4,.mp4,high,none,112660540,112660540,112660556,7.9973,67.9921,0.0005,0.0007,4.5756,5.6328,7.4368,0.0539,67.5652,0.0,155.324,,2026-08-13T11:05:56
D3,B,python,0,20260801,d3_000670.mp4,.mp4,high,none,39799211,39799211,39799227,7.9972,23.4966,0.0004,0.0008,4.5915,5.722,7.346,0.0552,24.4383,0.0,67.7044,,2026-08-13T11:05:56
D3,B,python,0,20260801,d3_000671.mp4,.mp4,high,none,100965136,100965136,100965152,7.9977,58.9926,0.0004,0.0008,4.5998,5.5507,7.2475,0.0538,60.8931,0.0,139.3982,,2026-08-13T11:05:56
D3,B,python,0,20260801,d3_000672.mp4,.mp4,high,none,90321743,90321743,90321759,7.9974,55.3107,0.0004,0.0004,4.6025,5.5752,7.2995,0.054,54.3495,0.0,129.2863,,2026-08-13T11:05:56
D3,B,python,0,20260801,d3_000673.mp4,.mp4,high,none,111087295,111087295,111087311,7.9973,61.0431,0.0004,0.0006,4.5722,5.5577,7.2636,0.0532,67.3047,0.0,147.8616,,2026-08-13T11:05:56
D3,B,python,0,20260801,d3_000674.mp4,.mp4,high,none,35743227,35743227,35743243,7.9977,20.0589,0.0006,0.0006,4.8364,5.6498,7.3131,0.053,21.7428,0.0,61.7812,,2026-08-13T11:05:56
D3,B,python,0,20260801,d3_000675.mp4,.mp4,high,none,71039465,71039465,71039481,7.9967,39.7317,0.0006,0.0005,4.5679,5.5348,7.2822,0.0632,42.7025,0.0,102.7818,,2026-08-13T11:05:56
D3,B,python,0,20260801,d3_000676.mp4,.mp4,high,none,50427473,50427473,50427489,7.9972,27.2743,0.0004,0.0004,4.5321,5.5168,7.1877,0.0517,30.6419,0.0,77.2928,,2026-08-13T11:05:56
D3,B,python,0,20260801,d3_000677.mp4,.mp4,high,none,109039173,109039173,109039189,7.9974,66.4256,0.0004,0.0006,4.5306,5.5762,7.201,0.0515,65.1964,0.0,151.0853,,2026-08-13T11:05:56
D3,B,python,0,20260801,d3_000678.mp4,.mp4,high,none,105506215,105506215,105506231,7.9978,61.3343,0.0004,0.0004,4.4919,5.5419,7.3611,0.0576,63.354,0.0,144.1874,,2026-08-13T11:05:56
D3,B,python,0,20260801,d3_000679.mp4,.mp4,high,none,89808516,89808516,89808532,7.9975,52.6488,0.0005,0.0006,4.5361,5.5355,7.2916,0.0528,53.5134,0.0,125.683,,2026-08-13T11:05:56
D3,B,python,0,20260801,d3_000680.mp4,.mp4,high,none,98709400,98709400,98709416,7.9972,63.2847,0.0005,0.0004,4.5407,5.5618,7.3217,0.0511,60.4078,0.0,143.2671,,2026-08-13T11:05:56
D3,B,python,0,20260801,d3_000681.mp4,.mp4,high,none,97480504,97480504,97480520,7.9971,57.2824,0.0003,0.0006,4.5183,5.4876,7.3333,0.062,58.0918,0.0,134.8257,,2026-08-13T11:05:56
D3,B,python,0,20260801,d3_000682.mp4,.mp4,high,none,29296164,29296164,29296180,7.997,16.2224,0.0004,0.0004,4.522,5.5512,7.2598,0.0594,8.1096,0.0,43.8191,,2026-08-13T11:05:56
D3,B,python,0,20260801,d3_000683.mp4,.mp4,high,none,56736568,56736568,56736584,7.9972,31.9567,0.0005,0.0009,4.9198,5.5702,7.2703,0.061,34.4806,0.0,86.3324,,2026-08-13T11:05:56
D3,B,python,0,20260801,d3_000684.mp4,.mp4,high,none,86264587,86264587,86264603,7.9968,48.4236,0.0004,0.0004,4.4718,5.556,7.208,0.0512,53.7609,0.0,121.5408,,2026-08-13T11:05:56
D3,B,python,0,20260801,d3_000685.sql,.sql,low,none,36837341,36837341,36837357,5.3515,20.225,0.0006,0.0006,4.5873,6.2802,7.5448,0.0526,22.7885,0.0,64.4769,,2026-08-13T11:05:56
D3,B,python,0,20260801,d3_000686.sql,.sql,low,none,37870087,37870087,37870103,5.3525,20.9859,0.0005,0.0009,8.4851,10.3342,13.9204,0.0636,26.5072,0.0,83.7759,,2026-08-13T11:05:56
D3,B,python,0,20260801,d3_000687.sql,.sql,low,none,18364504,18364504,18364520,5.3523,10.7861,0.0005,0.0012,8.536,10.458,13.9141,0.0624,6.8505,0.0,55.764,,2026-08-13T11:05:56
D3,B,python,0,20260801,d3_000688.sql,.sql,low,none,26640699,26640699,26640715,5.3511,14.966,0.0004,0.0009,8.2151,10.0294,9.8611,0.0561,7.8903,0.0,53.6555,,2026-08-13T11:05:56
D3,B,python,0,20260801,d3_000689.sql,.sql,low,none,50490618,50490618,50490634,5.3544,29.1739,0.0008,0.0008,7.9195,9.9622,12.7116,0.0512,31.0888,0.0,93.5927,,2026-08-13T11:05:56
D3,B,python,0,20260801,d3_000690.sql,.sql,low,none,43884903,43884903,43884919,5.3536,25.0867,0.0003,0.0005,4.6559,6.0005,7.4669,0.0551,27.4102,0.0,73.3492,,2026-08-13T11:05:56
D3,B,python,0,20260801,d3_000691.sql,.sql,low,none,49502103,49502103,49502119,5.354,28.0945,0.0005,0.0004,4.7339,5.7088,7.3362,0.054,30.8383,0.0,79.411,,2026-08-13T11:05:56
D3,B,python,0,20260801,d3_000692.sql,.sql,low,none,28376462,28376462,28376478,5.3513,16.9962,0.0004,0.0005,4.5129,5.5585,9.3107,0.0629,9.4046,0.0,48.534,,2026-08-13T11:05:56
D3,B,python,0,20260801,d3_000693.sql,.sql,low,none,41371009,41371009,41371025,5.3502,23.2332,0.0005,0.0005,4.509,5.522,7.2299,0.0527,26.1618,0.0,69.3105,,2026-08-13T11:05:56
D3,B,python,0,20260801,d3_000694.sql,.sql,low,none,9898847,9898847,9898863,5.353,6.2911,0.0003,0.0008,4.5085,5.5563,7.3195,0.051,2.5939,0.0,28.9528,,2026-08-13T11:05:56
D3,B,python,0,20260801,d3_000695.sql,.sql,low,none,46735331,46735331,46735347,5.3503,25.639,0.0004,0.0006,5.0801,5.5522,7.2392,0.05,28.5215,0.0,74.6816,,2026-08-13T11:05:56
D3,B,python,0,20260801,d3_000696.sql,.sql,low,none,34183955,34183955,34183971,5.3546,19.1095,0.0003,0.0009,4.5315,5.6816,7.4131,0.0494,21.3174,0.0,60.7018,,2026-08-13T11:05:56
D3,B,python,0,20260801,d3_000697.sql,.sql,low,none,43199006,43199006,43199022,5.3541,23.8865,0.0004,0.0005,4.4726,5.5535,7.2518,0.0531,26.5117,0.0,70.3287,,2026-08-13T11:05:56
D3,B,python,0,20260801,d3_000698.sql,.sql,low,none,52362791,52362791,52362807,5.3531,28.5787,0.0007,0.0004,4.5251,5.5082,7.2142,0.0516,31.8548,0.0,80.3823,,2026-08-13T11:05:56
D3,B,python,0,20260801,d3_000699.sql,.sql,low,none,51219243,51219243,51219259,5.3518,27.5228,0.0004,0.0005,4.515,5.5523,7.2353,0.0504,31.1481,30.0853,113.346,ok,2026-08-13T11:05:56
D3,B,python,0,20260801,d3_000700.sql,.sql,low,none,26153028,26153028,26153044,5.3543,15.3669,0.0004,0.0006,5.1263,5.6777,7.237,0.0504,6.9657,0.0,43.0153,,2026-08-13T11:05:56
D3,B,python,0,20260801,d3_000701.sql,.sql,low,none,15163870,15163870,15163886,5.3511,9.0079,0.0004,0.0006,4.6063,5.6695,7.3764,0.0483,3.9985,0.0,33.2782,,2026-08-13T11:05:56
D3,B,python,0,20260801,d3_000702.sql,.sql,low,none,26166141,26166141,26166157,5.353,15.0469,0.0004,0.0008,4.5479,6.5881,7.2336,0.0511,7.2621,0.0,43.3977,,2026-08-13T11:05:56
D3,B,python,0,20260801,d3_000703.sql,.sql,low,none,43698190,43698190,43698206,5.3483,24.1815,0.0004,0.0008,4.7774,5.7141,7.3191,0.0498,27.5146,0.0,72.1557,,2026-08-13T11:05:56
D3,B,python,0,20260801,d3_000704.sql,.sql,low,none,37626091,37626091,37626107,5.3529,21.853,0.0004,0.0009,4.5996,5.6226,7.3295,0.0526,23.0564,0.0,65.1367,,2026-08-13T11:05:56
D3,B,python,0,20260801,d3_000705.sql,.sql,low,none,32487010,32487010,32487026,5.3531,17.5083,0.0007,0.0005,4.5553,5.6817,7.3808,0.0575,8.8873,0.0,46.6835,,2026-08-13T11:05:56
D3,B,python,0,20260801,d3_000706.sql,.sql,low,none,24362134,24362134,24362150,5.349,14.3753,0.0003,0.0006,4.6574,5.6964,7.2658,0.0505,6.5857,0.0,41.3025,,2026-08-13T11:05:56
D3,B,python,0,20260801,d3_000707.sql,.sql,low,none,55461073,55461073,55461089,5.3501,30.6157,0.0004,0.0004,4.6859,6.0699,7.8261,0.0514,34.9599,0.0,86.841,,2026-08-13T11:05:56
D3,B,python,0,20260801,d3_000708.sql,.sql,low,none,39498460,39498460,39498476,5.3504,21.651,0.0004,0.0009,4.5523,5.565,7.3113,0.0527,23.9272,0.0,65.6598,,2026-08-13T11:05:56
D3,B,python,0,20260801,d3_000709.sql,.sql,low,none,45959039,45959039,45959055,5.3538,25.5622,0.0007,0.0005,4.5526,5.5462,7.2604,0.0575,27.6968,0.0,73.2914,,2026-08-13T11:05:56
D3,B,python,0,20260801,d3_000710.sql,.sql,low,none,24323565,24323565,24323581,5.3544,14.0035,0.0007,0.0006,4.5083,5.6077,7.2593,0.0499,6.5131,0.0,40.5322,,2026-08-13T11:05:56
D3,B,python,0,20260801,d3_000711.sql,.sql,low,none,12966351,12966351,12966367,5.3545,7.5846,0.0003,0.0006,4.5,5.5154,7.2133,0.0504,3.3839,0.0,30.8224,,2026-08-13T11:05:56
D3,B,python,0,20260801,d3_000712.sql,.sql,low,none,34839657,34839657,34839673,5.3511,19.5372,0.0004,0.0009,4.5518,5.5345,7.344,0.0497,21.6113,0.0,61.2388,,2026-08-13T11:05:56
D3,B,python,0,20260801,d3_000713.sql,.sql,low,none,55626861,55626861,55626877,5.3555,30.6384,0.0004,0.0006,4.5341,5.6146,7.2647,0.0518,36.3131,0.0,87.0333,,2026-08-13T11:05:56
D3,B,python,0,20260801,d3_000714.sql,.sql,low,none,16189563,16189563,16189579,5.3548,9.1506,0.0005,0.0006,4.5293,5.5373,7.28,0.0514,4.2194,0.0,33.4471,,2026-08-13T11:05:56
D3,B,python,0,20260801,d3_000715.sql,.sql,low,none,25811060,25811060,25811076,5.3507,14.4531,0.0004,0.0004,4.5196,6.0373,7.2745,0.0501,7.1263,0.0,42.0507,,2026-08-13T11:05:56
D3,B,python,0,20260801,d3_000716.sql,.sql,low,none,10620946,10620946,10620962,5.3549,7.0224,0.0004,0.0007,4.6338,5.7159,7.3549,0.0485,2.7769,0.0,30.1196,,2026-08-13T11:05:56
D3,B,python,0,20260801,d3_000717.sql,.sql,low,none,55036606,55036606,55036622,5.3522,30.2002,0.0004,0.001,4.5502,5.5453,7.2195,0.0509,33.4971,0.0,83.7423,,2026-08-13T11:05:56
D3,B,python,0,20260801,d3_000718.sql,.sql,low,none,13417094,13417094,13417110,5.3506,8.0967,0.0004,0.0006,4.5921,5.5697,7.3362,0.0522,3.5386,0.0,32.0902,,2026-08-13T11:05:56
D3,B,python,0,20260801,d3_000719.sql,.sql,low,none,27077169,27077169,27077185,5.3517,14.6872,0.0004,0.0004,4.6037,5.6155,7.3054,0.0535,8.1291,0.0,43.1698,,2026-08-13T11:05:56
D3,B,python,0,20260801,d3_000720.sql,.sql,low,none,13078243,13078243,13078259,5.3512,7.7182,0.0004,0.0007,4.6022,5.689,7.3021,0.0534,3.5563,0.0,31.5805,,2026-08-13T11:05:56
D3,B,python,0,20260801,d3_000721.sql,.sql,low,none,39784642,39784642,39784658,5.3531,22.1484,0.0004,0.0006,4.5296,5.6669,7.29,0.0512,24.1305,0.0,66.6421,,2026-08-13T11:05:56
D3,B,python,0,20260801,d3_000722.sql,.sql,low,none,52247327,52247327,52247343,5.3546,28.5211,0.0006,0.0005,4.5567,5.6807,7.2921,0.0515,31.72,0.0,80.4257,,2026-08-13T11:05:56
D3,B,python,0,20260801,d3_000723.sql,.sql,low,none,18193163,18193163,18193179,5.353,10.5499,0.0004,0.0006,4.6757,6.9357,7.4788,0.0501,4.8241,0.0,37.1051,,2026-08-13T11:05:56
D3,B,python,0,20260801,d3_000724.sql,.sql,low,none,13246602,13246602,13246618,5.3504,7.6579,0.0004,0.0005,4.4911,5.5483,7.3231,0.0504,3.4968,0.0,31.2041,,2026-08-13T11:05:56
D3,B,python,0,20260801,d3_000725.sql,.sql,low,none,34630806,34630806,34630822,5.3557,20.4058,0.0004,0.0006,4.5119,5.6554,7.388,0.0501,21.2898,0.0,61.899,,2026-08-13T11:05:56
D3,B,python,0,20260801,d3_000726.sql,.sql,low,none,28538744,28538744,28538760,5.3528,16.0782,0.0004,0.001,4.5615,5.5877,7.2742,0.0506,7.7432,0.0,44.4583,,2026-08-13T11:05:56
D3,B,python,0,20260801,d3_000727.sql,.sql,low,none,30418733,30418733,30418749,5.3509,17.3997,0.0005,0.001,4.6476,5.9358,7.3154,0.0521,8.4638,0.0,46.4262,,2026-08-13T11:05:56
D3,B,python,0,20260801,d3_000728.sql,.sql,low,none,29694893,29694893,29694909,5.3545,16.2275,0.0004,0.0006,4.6086,5.7125,7.3213,0.0504,8.0765,0.0,44.6259,,2026-08-13T11:05:56
D3,B,python,0,20260801,d3_000729.sql,.sql,low,none,21375071,21375071,21375087,5.3546,12.292,0.0007,0.0007,4.6408,5.5451,7.2981,0.0493,5.8456,0.0,38.437,,2026-08-13T11:05:56
D3,B,python,0,20260801,d3_000730.sql,.sql,low,none,32285856,32285856,32285872,5.3529,18.2797,0.0004,0.0005,4.5474,5.6029,7.2585,0.0525,8.8814,0.0,47.2297,,2026-08-13T11:05:56
D3,B,python,0,20260801,d3_000731.sql,.sql,low,none,18234905,18234905,18234921,5.3532,10.7148,0.0004,0.0007,4.6059,5.6493,7.3845,0.0509,4.8513,0.0,35.8323,,2026-08-13T11:05:56
D3,B,python,0,20260801,d3_000732.sql,.sql,low,none,39625695,39625695,39625711,5.3526,21.9882,0.0005,0.0008,4.5683,5.5485,7.3103,0.0549,23.8941,0.0,65.9993,,2026-08-13T11:05:56
D3,B,python,0,20260801,d3_000733.sql,.sql,low,none,27335616,27335616,27335632,5.3522,15.1969,0.0004,0.0006,4.6336,5.686,7.4884,0.0576,7.5564,0.0,43.2678,,2026-08-13T11:05:56
D3,B,python,0,20260801,d3_000734.sql,.sql,low,none,51616315,51616315,51616331,5.3519,28.302,0.0004,0.0006,4.6394,5.6433,7.3954,0.053,31.904,0.0,80.5443,,2026-08-13T11:05:56
D3,B,python,0,20260801,d3_000735.sql,.sql,low,none,32816999,32816999,32817015,5.3528,19.2359,0.0004,0.0004,4.5358,5.5821,7.2494,0.0508,9.1179,0.0,48.4114,,2026-08-13T11:05:56
D3,B,python,0,20260801,d3_000736.sql,.sql,low,none,36048744,36048744,36048760,5.3525,20.0474,0.0004,0.0005,4.607,6.0384,7.2545,0.0512,21.7172,0.0,62.3208,,2026-08-13T11:05:56
D3,B,python,0,20260801,d3_000737.sql,.sql,low,none,30148601,30148601,30148617,5.3523,16.4819,0.0004,0.0006,4.6148,5.6055,7.2955,0.0606,8.353,0.0,45.0294,,2026-08-13T11:05:56
D3,B,python,0,20260801,d3_000738.sql,.sql,low,none,27401397,27401397,27401413,5.3516,15.4404,0.0004,0.0005,4.5362,5.537,7.2232,0.0509,7.6829,0.0,43.1045,,2026-08-13T11:05:56
D3,B,python,0,20260801,d3_000739.sql,.sql,low,none,30883735,30883735,30883751,5.3548,17.4212,0.0007,0.0005,4.5445,5.5833,7.2555,0.0606,8.4325,0.0,45.9637,,2026-08-13T11:05:56
D3,B,python,0,20260801,d3_000740.sql,.sql,low,none,19705149,19705149,19705165,5.3514,11.0546,0.0004,0.0007,4.582,5.5641,7.2554,0.0508,5.194,0.0,36.3016,,2026-08-13T11:05:56
D3,B,python,0,20260801,d3_000741.sql,.sql,low,none,39062476,39062476,39062492,5.3546,21.7371,0.0006,0.0004,4.5346,5.5702,7.2654,0.057,23.6531,0.0,65.4311,,2026-08-13T11:05:56
D3,B,python,0,20260801,d3_000742.sql,.sql,low,none,41983550,41983550,41983566,5.3519,23.2504,0.0003,0.0005,4.5356,5.5894,7.2356,0.0513,25.6423,0.0,68.9158,,2026-08-13T11:05:56
D3,B,python,0,20260801,d3_000743.sql,.sql,low,none,16228555,16228555,16228571,5.3548,9.1526,0.0004,0.0004,4.578,5.7419,7.3269,0.051,4.282,0.0,33.8083,,2026-08-13T11:05:56
D3,B,python,0,20260801,d3_000744.sql,.sql,low,none,19403459,19403459,19403475,5.3537,10.9111,0.0007,0.0007,4.5614,5.537,7.2363,0.0521,5.1322,0.0,36.0086,,2026-08-13T11:05:56
D3,B,python,0,20260801,d3_000745.sql,.sql,low,none,19447784,19447784,19447800,5.3519,11.2047,0.0006,0.0005,4.5827,5.572,7.3024,0.0532,5.5125,0.0,36.8905,,2026-08-13T11:05:56
D3,B,python,0,20260801,d3_000746.sql,.sql,low,none,47803505,47803505,47803521,5.3493,26.572,0.0004,0.001,5.1558,5.7218,7.2968,0.0505,28.8704,0.0,76.2606,,2026-08-13T11:05:56
D3,B,python,0,20260801,d3_000747.sql,.sql,low,none,21570820,21570820,21570836,5.3542,12.0102,0.0004,0.0004,4.7989,5.5465,7.42,0.05,5.8861,0.0,38.3166,,2026-08-13T11:05:56
D3,B,python,0,20260801,d3_000748.sql,.sql,low,none,49959178,49959178,49959194,5.3526,27.9181,0.0004,0.0005,4.5808,5.5967,7.2286,0.0502,30.0581,0.0,78.1828,,2026-08-13T11:05:56
D3,B,python,0,20260801,d3_000749.sql,.sql,low,none,16964065,16964065,16964081,5.3559,9.6937,0.0004,0.0005,4.5316,5.6029,7.3266,0.0554,4.5678,0.0,34.4218,,2026-08-13T11:05:56
D3,B,python,0,20260801,d3_000750.sql,.sql,low,none,16151322,16151322,16151338,5.3522,9.3209,0.0003,0.0004,4.5814,5.5684,7.2447,0.0553,4.2561,0.0,33.6357,,2026-08-13T11:05:56
D3,B,python,0,20260801,d3_000751.sql,.sql,low,none,16637353,16637353,16637369,5.3535,9.849,0.0005,0.0004,4.5799,5.5477,7.3982,0.0608,4.4054,0.0,34.4619,,2026-08-13T11:05:56
D3,B,python,0,20260801,d3_000752.sql,.sql,low,none,54580619,54580619,54580635,5.3517,31.7402,0.0004,0.0005,4.6032,5.5599,7.329,0.0528,37.1165,0.0,89.0177,,2026-08-13T11:05:56
D3,B,python,0,20260801,d3_000753.sql,.sql,low,none,31297099,31297099,31297115,5.3527,17.8144,0.0008,0.0005,4.5408,5.5771,7.3168,0.06,8.9005,0.0,46.9769,,2026-08-13T11:05:56
D3,B,python,0,20260801,d3_000754.sql,.sql,low,none,30064204,30064204,30064220,5.353,16.9078,0.0005,0.0006,4.5796,5.6056,7.9994,0.0525,8.4487,0.0,46.2092,,2026-08-13T11:05:56
D3,B,python,0,20260801,d3_000755.sql,.sql,low,none,52955169,52955169,52955185,5.351,29.2244,0.0004,0.0004,4.8999,5.8758,7.6272,0.0684,33.9246,0.0,84.5475,,2026-08-13T11:05:56
D3,B,python,0,20260801,d3_000756.sql,.sql,low,none,37073281,37073281,37073297,5.3529,22.1144,0.0009,0.0005,4.7166,5.7529,7.6919,0.0565,23.804,0.0,66.8526,,2026-08-13T11:05:56
D3,B,python,0,20260801,d3_000757.sql,.sql,low,none,23883569,23883569,23883585,5.351,14.4089,0.0004,0.0005,5.6387,5.7742,7.5102,0.0555,6.9923,0.0,43.2854,,2026-08-13T11:05:56
D3,B,python,0,20260801,d3_000758.sql,.sql,low,none,45184637,45184637,45184653,5.3489,25.7486,0.0004,0.0005,4.6899,5.6843,7.7947,0.0587,27.9175,0.0,74.6853,,2026-08-13T11:05:56
D3,B,python,0,20260801,d3_000759.sql,.sql,low,none,12266322,12266322,12266338,5.3523,7.5533,0.0006,0.0008,5.6662,9.6704,9.1247,0.0629,4.6346,0.0,40.0915,,2026-08-13T11:05:56
D3,B,python,0,20260801,d3_000760.sql,.sql,low,none,11826565,11826565,11826581,5.3522,7.5036,0.0005,0.0006,4.6355,6.3867,7.7572,0.0547,3.3507,0.0,32.321,,2026-08-13T11:05:56
D3,B,python,0,20260801,d3_000761.sql,.sql,low,none,36320512,36320512,36320528,5.3521,20.7871,0.0004,0.0008,4.6173,5.6945,7.5487,0.0549,24.1662,0.0,65.5324,,2026-08-13T11:05:56
D3,B,python,0,20260801,d3_000762.sql,.sql,low,none,41247164,41247164,41247180,5.3516,23.5801,0.0005,0.0009,4.6325,5.721,7.7824,0.0555,25.5461,0.0,70.0269,,2026-08-13T11:05:56
D3,B,python,0,20260801,d3_000763.sql,.sql,low,none,32541778,32541778,32541794,5.3511,18.7807,0.0005,0.0015,4.7166,5.8352,7.7298,0.0562,10.3904,0.0,50.1936,,2026-08-13T11:05:56
D3,B,python,0,20260801,d3_000764.sql,.sql,low,none,32956928,32956928,32956944,5.3524,18.9902,0.0004,0.0006,4.8248,5.6913,7.2814,0.0547,9.7853,0.0,49.2827,,2026-08-13T11:05:56
D3,B,python,0,20260801,d3_000765.sql,.sql,low,none,23104731,23104731,23104747,5.3517,13.1272,0.0004,0.001,4.6267,5.6232,7.4006,0.054,6.6327,0.0,40.2168,,2026-08-13T11:05:56
D3,B,python,0,20260801,d3_000766.sql,.sql,low,none,22940777,22940777,22940793,5.3532,13.3123,0.0004,0.0008,4.6111,5.7703,7.5397,0.0555,6.9899,0.0,40.9805,,2026-08-13T11:05:56
D3,B,python,0,20260801,d3_000767.sql,.sql,low,none,34881553,34881553,34881569,5.3543,20.6281,0.0004,0.001,4.679,5.7528,7.3577,0.0586,21.479,0.0,63.6395,,2026-08-13T11:05:56
D3,B,python,0,20260801,d3_000768.sql,.sql,low,none,54407437,54407437,54407453,5.3521,30.4574,0.0004,0.0005,4.6207,5.6575,7.3523,0.0525,40.861,0.0,93.7675,,2026-08-13T11:05:56
D3,B,python,0,20260801,d3_000769.sql,.sql,low,none,29697844,29697844,29697860,5.3554,16.9575,0.0006,0.0009,8.3491,10.2575,13.5726,0.0599,11.0967,0.0,65.1226,,2026-08-13T11:05:56
D3,B,python,0,20260801,d3_000770.sql,.sql,low,none,46226433,46226433,46226449,5.3514,25.9727,0.0005,0.0005,4.6302,5.7534,8.9512,0.0592,30.9858,0.0,78.9892,,2026-08-13T11:05:56
D3,B,python,0,20260801,d3_000771.sql,.sql,low,none,15539514,15539514,15539530,5.3532,9.1268,0.0004,0.0005,4.8014,5.7878,7.6078,0.0528,4.4467,0.0,34.5503,,2026-08-13T11:05:56
D3,B,python,0,20260801,d3_000772.sql,.sql,low,none,31938344,31938344,31938360,5.3545,17.8433,0.0004,0.0005,4.6328,5.6513,7.5386,0.055,9.0792,0.0,47.4407,,2026-08-13T11:05:56
D3,B,python,0,20260801,d3_000773.sql,.sql,low,none,37585448,37585448,37585464,5.3487,20.3845,0.0004,0.0008,4.6916,5.7776,7.4577,0.0526,23.297,0.0,64.3019,,2026-08-13T11:05:56
D3,B,python,0,20260801,d3_000774.sql,.sql,low,none,55612834,55612834,55612850,5.355,30.8758,0.0007,0.0006,4.6732,5.7384,7.5397,0.0541,34.3013,0.0,85.8478,,2026-08-13T11:05:56
D3,B,python,0,20260801,d3_000775.sql,.sql,low,none,47209206,47209206,47209222,5.3523,26.0149,0.0004,0.001,4.6289,5.7282,7.4048,0.0525,29.2257,0.0,75.9345,,2026-08-13T11:05:56
D3,B,python,0,20260801,d3_000776.sql,.sql,low,none,34117272,34117272,34117288,5.3537,18.4931,0.0004,0.0004,4.7341,5.7135,7.8285,0.0525,21.1209,0.0,60.5657,,2026-08-13T11:05:56
D3,B,python,0,20260801,d3_000777.sql,.sql,low,none,45997772,45997772,45997788,5.3489,26.0228,0.0003,0.0008,4.6057,5.6344,7.4195,0.052,28.1464,0.0,74.5853,,2026-08-13T11:05:56
D3,B,python,0,20260801,d3_000778.sql,.sql,low,none,25418781,25418781,25418797,5.351,14.7682,0.0007,0.0006,4.7488,5.7313,7.9146,0.0565,8.9045,0.0,46.6669,,2026-08-13T11:05:56
D3,B,python,0,20260801,d3_000779.sql,.sql,low,none,22621430,22621430,22621446,5.3524,14.0244,0.0004,0.0012,7.868,5.8072,7.4594,0.0571,6.7595,0.0,44.603,,2026-08-13T11:05:56
D3,B,python,0,20260801,d3_000780.sql,.sql,low,none,48908635,48908635,48908651,5.3512,26.9333,0.0004,0.0005,4.6818,5.6471,7.5873,0.0592,34.3832,0.0,81.905,,2026-08-13T11:05:56
D3,B,python,0,20260801,d3_000781.sql,.sql,low,none,23346600,23346600,23346616,5.3567,13.8225,0.0004,0.0007,4.5955,5.666,7.5645,0.0621,7.1726,0.0,41.5263,,2026-08-13T11:05:56
D3,B,python,0,20260801,d3_000782.sql,.sql,low,none,17551433,17551433,17551449,5.3528,10.8552,0.0004,0.0006,4.7901,5.7824,7.5846,0.0654,5.4128,0.0,37.1745,,2026-08-13T11:05:56
D3,B,python,0,20260801,d3_000783.sql,.sql,low,none,16526480,16526480,16526496,5.3476,9.8012,0.0008,0.0008,5.7222,7.2248,9.2088,0.0533,4.6425,0.0,39.3129,,2026-08-13T11:05:56
D3,B,python,0,20260801,d3_000784.sql,.sql,low,none,21410641,21410641,21410657,5.3488,12.1632,0.0004,0.0005,4.6755,5.7794,7.4809,0.0553,6.3223,0.0,39.187,,2026-08-13T11:05:56
D3,B,python,0,20260801,d3_000785.csv,.csv,low,none,35791730,35791730,35791746,4.5464,20.2989,0.0009,0.0004,4.7924,6.2832,7.997,0.0831,22.7971,0.0,64.9374,,2026-08-13T11:05:56
D3,B,python,0,20260801,d3_000786.csv,.csv,low,none,34924745,34924745,34924761,4.5514,19.8262,0.0004,0.0005,4.6242,5.8386,7.4049,0.0547,21.5373,0.0,61.9653,,2026-08-13T11:05:56
D3,B,python,0,20260801,d3_000787.csv,.csv,low,none,8341256,8341256,8341272,4.55,5.1266,0.0004,0.0007,4.7381,5.7494,7.5225,0.0543,2.2725,0.0,28.1485,,2026-08-13T11:05:56
D3,B,python,0,20260801,d3_000788.csv,.csv,low,none,31035868,31035868,31035884,4.5483,17.8076,0.0004,0.0005,4.6439,5.6858,7.6325,0.0525,9.1317,0.0,47.8585,,2026-08-13T11:05:56
D3,B,python,0,20260801,d3_000789.csv,.csv,low,none,22427050,22427050,22427066,4.5446,13.5483,0.0005,0.0005,4.6832,9.4797,7.7788,0.0632,6.4181,0.0,44.6733,,2026-08-13T11:05:56
D3,B,python,0,20260801,d3_000790.csv,.csv,low,none,16426767,16426767,16426783,4.5511,9.7906,0.0004,0.0006,4.6416,5.702,7.516,0.0517,4.6467,0.0,35.0307,,2026-08-13T11:05:56
D3,B,python,0,20260801,d3_000791.csv,.csv,low,none,34852931,34852931,34852947,4.5541,19.8306,0.0007,0.0005,4.6123,5.7262,7.3839,0.0551,21.8674,0.0,62.1908,,2026-08-13T11:05:56
D3,B,python,0,20260801,d3_000792.csv,.csv,low,none,20128913,20128913,20128929,4.5594,11.9781,0.0005,0.0005,4.6836,5.6865,7.3119,0.0621,5.7554,0.0,38.1304,,2026-08-13T11:05:56
D3,B,python,0,20260801,d3_000793.csv,.csv,low,none,34801568,34801568,34801584,4.5516,19.9458,0.0005,0.0005,4.6382,5.7485,8.2969,0.0534,22.2434,0.0,63.5926,,2026-08-13T11:05:56
D3,B,python,0,20260801,d3_000794.csv,.csv,low,none,9994709,9994709,9994725,4.5569,6.4654,0.0006,0.0006,4.9361,6.7007,11.1536,0.0537,2.8906,0.0,34.9349,,2026-08-13T11:05:56
D3,B,python,0,20260801,d3_000795.csv,.csv,low,none,30848540,30848540,30848556,4.5523,17.7375,0.0008,0.0004,4.616,5.7423,7.3881,0.0556,8.8974,0.0,47.1252,,2026-08-13T11:05:56
D3,B,python,0,20260801,d3_000796.csv,.csv,low,none,22248215,22248215,22248231,4.5533,12.9782,0.0006,0.0006,4.6485,5.6604,7.8285,0.0569,6.7594,0.0,41.1272,,2026-08-13T11:05:56
D3,B,python,0,20260801,d3_000797.csv,.csv,low,none,35678691,35678691,35678707,4.5559,19.9909,0.0005,0.0007,5.1574,6.8427,7.8503,0.0571,22.3572,0.0,64.946,,2026-08-13T11:05:56
D3,B,python,0,20260801,d3_000798.csv,.csv,low,none,21251863,21251863,21251879,4.5547,12.1977,0.0006,0.0014,7.9749,11.9816,13.2853,0.0578,7.8481,0.0,57.8495,,2026-08-13T11:05:56
D3,B,python,0,20260801,d3_000799.csv,.csv,low,none,32112529,32112529,32112545,4.5486,17.5523,0.0005,0.0011,5.6173,5.6373,7.4012,0.055,9.8695,18.6258,70.4805,ok,2026-08-13T11:05:56
D3,B,python,0,20260801,d3_000800.csv,.csv,low,none,34327793,34327793,34327809,4.549,21.172,0.0004,0.0005,4.5705,5.5865,7.3083,0.0555,20.5887,0.0,61.9648,,2026-08-13T11:05:56
D3,B,python,0,20260801,d3_000801.csv,.csv,low,none,33384099,33384099,33384115,4.5466,19.2412,0.0004,0.001,4.5763,5.5573,7.5019,0.0576,20.581,0.0,60.1748,,2026-08-13T11:05:56
D3,B,python,0,20260801,d3_000802.csv,.csv,low,none,15461023,15461023,15461039,4.543,9.1942,0.0004,0.0012,8.7785,6.5511,7.2937,0.0539,4.2361,0.0,38.8106,,2026-08-13T11:05:56
D3,B,python,0,20260801,d3_000803.csv,.csv,low,none,13919721,13919721,13919737,4.5559,8.4791,0.0004,0.0006,4.6763,5.6324,7.3723,0.0587,4.1924,0.0,33.0935,,2026-08-13T11:05:56
D3,B,python,0,20260801,d3_000804.csv,.csv,low,none,24104959,24104959,24104975,4.55,13.2812,0.0004,0.0009,4.585,5.5471,7.3101,0.0548,6.5679,0.0,40.0094,,2026-08-13T11:05:56
D3,B,python,0,20260801,d3_000805.csv,.csv,low,none,29664958,29664958,29664974,4.5511,16.5813,0.0004,0.0009,4.64,5.6754,7.5905,0.0625,8.7387,0.0,45.957,,2026-08-13T11:05:56
D3,B,python,0,20260801,d3_000806.csv,.csv,low,none,9513809,9513809,9513825,4.5529,6.4261,0.0004,0.0008,4.6256,5.5831,7.284,0.0546,2.5512,0.0,29.1793,,2026-08-13T11:05:56
D3,B,python,0,20260801,d3_000807.csv,.csv,low,none,23218485,23218485,23218501,4.5545,12.9801,0.0004,0.0006,4.6207,5.6505,7.3217,0.0553,6.625,0.0,39.8876,,2026-08-13T11:05:56
D3,B,python,0,20260801,d3_000808.csv,.csv,low,none,16914664,16914664,16914680,4.5499,9.6567,0.0004,0.0008,4.5963,5.6211,7.6859,0.0602,4.6928,0.0,35.143,,2026-08-13T11:05:56
D3,B,python,0,20260801,d3_000809.csv,.csv,low,none,16263281,16263281,16263297,4.5526,9.8499,0.0005,0.0008,5.0226,7.3658,13.9131,0.054,4.6663,0.0,43.8225,,2026-08-13T11:05:56
D3,B,python,0,20260801,d3_000810.csv,.csv,low,none,35137547,35137547,35137563,4.5466,20.06,0.0005,0.0005,4.636,5.9861,7.4564,0.0536,21.2333,0.0,62.0684,,2026-08-13T11:05:56
D3,B,python,0,20260801,d3_000811.csv,.csv,low,none,10723798,10723798,10723814,4.5474,6.5732,0.0008,0.0007,4.5902,5.5449,7.3237,0.0495,2.8413,0.0,30.0603,,2026-08-13T11:05:56
D3,B,python,0,20260801,d3_000812.csv,.csv,low,none,13637177,13637177,13637193,4.5482,7.787,0.0004,0.0009,4.6064,5.5867,7.2898,0.0528,3.6224,0.0,31.6122,,2026-08-13T11:05:56
D3,B,python,0,20260801,d3_000813.csv,.csv,low,none,17374261,17374261,17374277,4.5507,9.8873,0.0133,0.0006,4.5444,5.6428,7.3261,0.0488,4.6137,0.0,34.7263,,2026-08-13T11:05:56
D3,B,python,0,20260801,d3_000814.csv,.csv,low,none,35125954,35125954,35125970,4.5511,19.2604,0.0004,0.0011,4.542,5.5811,7.3107,0.0529,25.205,0.0,64.5954,,2026-08-13T11:05:56
D3,B,python,0,20260801,d3_000815.csv,.csv,low,none,23570465,23570465,23570481,4.55,13.1519,0.0004,0.0006,4.6205,5.687,7.3224,0.0522,6.3617,0.0,39.8602,,2026-08-13T11:05:56
D3,B,python,0,20260801,d3_000816.csv,.csv,low,none,10381631,10381631,10381647,4.5481,6.4784,0.0007,0.0008,4.5866,5.5623,7.3978,0.0495,2.7698,0.0,29.5323,,2026-08-13T11:05:56
D3,B,python,0,20260801,d3_000817.csv,.csv,low,none,27426089,27426089,27426105,4.5469,15.4077,0.0004,0.0009,4.5583,5.595,7.3151,0.052,7.5054,0.0,43.0882,,2026-08-13T11:05:56
D3,B,python,0,20260801,d3_000818.csv,.csv,low,none,34500608,34500608,34500624,4.5515,19.1725,0.0007,0.0008,4.5691,5.5635,7.2958,0.0529,20.8251,0.0,60.1492,,2026-08-13T11:05:56
D3,B,python,0,20260801,d3_000819.csv,.csv,low,none,8723700,8723700,8723716,4.5532,4.9889,0.0004,0.0009,4.5647,6.5013,7.3063,0.0522,2.2959,0.0,28.3699,,2026-08-13T11:05:56
D3,B,python,0,20260801,d3_000820.csv,.csv,low,none,21370570,21370570,21370586,4.547,12.1293,0.0004,0.0006,4.6308,5.5834,7.3243,0.0525,5.824,0.0,38.1834,,2026-08-13T11:05:56
D3,B,python,0,20260801,d3_000821.csv,.csv,low,none,8305169,8305169,8305185,4.5472,5.357,0.0006,0.0007,4.5905,5.6021,7.3308,0.0505,2.1846,0.0,27.758,,2026-08-13T11:05:56
D3,B,python,0,20260801,d3_000822.csv,.csv,low,none,35707894,35707894,35707910,4.555,20.0009,0.0004,0.0011,7.1305,5.6216,7.2852,0.0521,21.8736,0.0,64.603,,2026-08-13T11:05:56
D3,B,python,0,20260801,d3_000823.csv,.csv,low,none,27408221,27408221,27408237,4.5479,15.5515,0.0004,0.0008,5.5337,5.6567,7.327,0.0573,7.6101,0.0,44.3922,,2026-08-13T11:05:56
D3,B,python,0,20260801,d3_000824.csv,.csv,low,none,34459368,34459368,34459384,4.5586,19.4673,0.0006,0.0007,4.5712,5.6074,7.2936,0.0533,21.0475,0.0,61.0664,,2026-08-13T11:05:56
D3,B,python,0,20260801,d3_000825.csv,.csv,low,none,14557824,14557824,14557840,4.5466,8.7413,0.0007,0.0005,4.6333,5.6907,7.4025,0.0592,3.8498,0.0,33.0414,,2026-08-13T11:05:56
D3,B,python,0,20260801,d3_000826.csv,.csv,low,none,8594504,8594504,8594520,4.5538,5.5268,0.0004,0.0004,4.6382,5.6038,7.3547,0.0545,2.2606,0.0,28.0737,,2026-08-13T11:05:56
D3,B,python,0,20260801,d3_000827.csv,.csv,low,none,28501681,28501681,28501697,4.5493,16.2801,0.0005,0.0007,4.5251,5.6843,7.2833,0.0514,7.8342,0.0,44.2918,,2026-08-13T11:05:56
D3,B,python,0,20260801,d3_000828.csv,.csv,low,none,8178925,8178925,8178941,4.5515,4.9916,0.0004,0.0007,4.5505,5.5723,7.2726,0.0515,2.1184,0.0,27.1734,,2026-08-13T11:05:56
D3,B,python,0,20260801,d3_000829.csv,.csv,low,none,16745773,16745773,16745789,4.5502,9.629,0.0003,0.0009,4.5356,6.2024,7.7855,0.0495,4.3904,0.0,35.2404,,2026-08-13T11:05:56
D3,B,python,0,20260801,d3_000830.csv,.csv,low,none,15565285,15565285,15565301,4.5513,9.2637,0.0004,0.0006,4.59,6.3627,7.2592,0.0678,4.094,0.0,34.3361,,2026-08-13T11:05:56
D3,B,python,0,20260801,d3_000831.csv,.csv,low,none,17519586,17519586,17519602,4.555,10.5537,0.0004,0.0006,4.699,5.6766,7.4387,0.0521,4.6606,0.0,35.9475,,2026-08-13T11:05:56
D3,B,python,0,20260801,d3_000832.csv,.csv,low,none,9988799,9988799,9988815,4.5518,6.1998,0.0004,0.0009,4.5645,5.5848,7.3065,0.0562,2.6921,0.0,29.0341,,2026-08-13T11:05:56
D3,B,python,0,20260801,d3_000833.csv,.csv,low,none,19465752,19465752,19465768,4.5513,11.6722,0.0004,0.0009,4.6269,5.6505,7.3776,0.0546,5.2185,0.0,37.2952,,2026-08-13T11:05:56
D3,B,python,0,20260801,d3_000834.csv,.csv,low,none,11626678,11626678,11626694,4.5464,6.7799,0.0004,0.0009,4.5825,5.5413,7.2771,0.0517,3.0797,0.0,29.9858,,2026-08-13T11:05:56
